Emp ID,Name Prefix,First Name,Middle Initial,Last Name,Gender,E Mail,Date of Birth,Date of Joining,Salary
198429,Mrs.,Serafina,I,Bumgarner,F,serafina.bumgarner@exxonmobil.com,9/21/1982,2/1/2008,69294
198429,Mrs.,Juliette,M,Rojo,F,juliette.rojo@yahoo.co.uk,5/8/1967,6/4/2011,193912
198429,Mr.,Milan,F,Krawczyk,M,milan.krawczyk@hotmail.com,4/4/1980,1/19/2012,123681
198429,Mr.,Elmer,R,Jason,M,elmer.jason@yahoo.com,4/9/1996,5/28/2017,93504
198429,Ms.,Zelda,P,Forest,F,zelda.forest@ibm.com,11/27/1959,1/28/2014,176642
198429,Mr.,Rhett,P,Wan,M,rhett.wan@hotmail.com,7/14/1976,1/21/2009,59406
198429,Mr.,Hal,H,Farrow,M,hal.farrow@cox.net,3/15/1967,2/25/1991,164580
198429,Dr.,Del,I,Fernandez,M,del.fernandez@hotmail.com,8/13/1991,4/7/2016,138662
784160,Dr.,Corey,A,Jackman,M,corey.jackman@gmail.com,4/12/1959,6/29/1984,57616
744723,Hon.,Bibi,H,Paddock,F,bibi.paddock@yahoo.co.in,10/20/1991,11/2/2016,87148
423093,Mr.,Eric,O,Manning,M,eric.manning@yahoo.com,11/2/1980,10/28/2002,149363
207808,Ms.,Renetta,T,Hafner,F,renetta.hafner@aol.com,1/29/1975,8/22/1998,180289
338634,Ms.,Paz,T,Pearman,F,paz.pearman@gmail.com,2/28/1960,5/25/1982,144804
324573,Hon.,Ardath,Q,Forman,F,ardath.forman@gmail.com,11/12/1982,10/16/2009,189373
953724,Mrs.,Nanci,D,Osorio,F,nanci.osorio@hotmail.com,7/9/1982,11/7/2003,71321
138700,Ms.,Maricela,H,Simard,F,maricela.simard@gmail.com,7/21/1988,9/25/2016,88513
644265,Ms.,Avelina,I,Stoner,F,avelina.stoner@exxonmobil.com,10/1/1988,11/30/2010,157826
223871,Drs.,Christene,O,Mattison,F,christene.mattison@gmail.com,9/14/1990,9/13/2015,177224
807262,Mr.,Stefan,O,Maeda,M,stefan.maeda@yahoo.com,3/23/1990,11/5/2011,67028
368234,Drs.,Gillian,T,Winter,F,gillian.winter@gmail.com,1/17/1960,11/28/1984,103619
807442,Hon.,Ed,E,Ferrari,M,ed.ferrari@gmail.com,9/27/1981,2/15/2015,145831
956778,Ms.,Jewell,L,Thies,F,jewell.thies@aol.com,2/16/1991,4/28/2017,153248
496781,Dr.,Jonathan,Z,Rosa,M,jonathan.rosa@gmail.com,2/19/1981,7/23/2010,198838
301629,Mr.,Ruben,L,Weissman,M,ruben.weissman@gmail.com,12/28/1995,1/3/2017,48543
668065,Mrs.,Deja,H,Niemeyer,F,deja.niemeyer@gmail.com,9/4/1961,6/5/2012,130000
836931,Ms.,Selene,S,Ford,F,selene.ford@aol.com,3/23/1992,10/7/2013,143902
914698,Ms.,Janeen,M,Norman,F,janeen.norman@gmail.com,1/28/1989,1/5/2012,117383
872750,Mr.,Johnnie,J,Ibarra,M,johnnie.ibarra@aol.com,1/10/1972,4/14/2013,181385
813428,Mr.,Emerson,L,Sands,M,emerson.sands@gmail.com,7/8/1978,1/1/2015,106048
380228,Mr.,Oswaldo,V,Dodd,M,oswaldo.dodd@gmail.com,11/24/1975,11/14/1998,92047
791100,Ms.,Leone,Y,Buss,F,leone.buss@yahoo.co.uk,1/31/1968,12/31/1996,44080
613551,Mr.,Jay,Y,Shields,M,jay.shields@gmail.com,3/11/1981,8/26/2013,167893
147663,Mr.,Douglass,E,Corrigan,M,douglass.corrigan@rediffmail.com,3/17/1973,2/19/2015,86718
707600,Ms.,Sherita,M,Baugh,F,sherita.baugh@gmail.com,4/20/1995,8/17/2016,49450
596529,Ms.,Lana,N,Arbuckle,F,lana.arbuckle@shaw.ca,10/22/1967,11/11/1996,193628
834635,Hon.,Deloise,T,Oyler,F,deloise.oyler@yahoo.com,9/4/1963,1/6/2015,173977
794524,Mr.,Armand,O,Fortenberry,M,armand.fortenberry@sbcglobal.net,1/20/1992,2/17/2017,184287
392234,Dr.,Monty,D,Hail,M,monty.hail@gmail.com,6/21/1960,10/30/1983,89286
444753,Ms.,Judith,G,Owen,F,judith.owen@gmail.com,2/14/1958,5/17/1982,76503
361359,Hon.,Laureen,Q,Lambert,F,laureen.lambert@exxonmobil.com,2/23/1960,7/31/2007,78201
777936,Ms.,Nila,W,Traylor,F,nila.traylor@yahoo.com,5/6/1972,4/23/1998,93058
529020,Dr.,Bernard,P,Bradshaw,M,bernard.bradshaw@yahoo.co.uk,8/18/1969,3/31/2002,98634
884439,Mrs.,Micheal,A,Sarmiento,F,micheal.sarmiento@aol.com,7/17/1965,3/21/1991,81467
269950,Mr.,Seth,B,Bilodeau,M,seth.bilodeau@bellsouth.net,5/5/1975,7/6/2002,164287
258110,Ms.,Tai,O,Saavedra,F,tai.saavedra@hotmail.com,9/15/1995,9/15/2016,51872
248437,Ms.,Tamra,A,Alessi,F,tamra.alessi@outlook.com,11/19/1977,11/8/2004,90981
357480,Ms.,Shenika,R,Crittenden,F,shenika.crittenden@walmart.com,10/9/1975,5/27/1998,58060
845835,Dr.,Bernard,Q,Fessler,M,bernard.fessler@hotmail.co.uk,7/31/1958,4/17/1980,93610
878763,Mr.,Ernest,N,Chasse,M,ernest.chasse@gmail.com,10/11/1995,7/16/2017,86598
452667,Mr.,Jeffery,D,Girard,M,jeffery.girard@outlook.com,8/13/1972,6/17/1998,78719
879556,Prof.,Christoper,I,Moye,M,christoper.moye@aol.com,3/6/1992,8/24/2013,179104
541976,Mr.,Kelley,Z,Greening,M,kelley.greening@rediffmail.com,2/26/1979,6/22/2001,157705
892120,Mrs.,Ernestine,U,Beall,F,ernestine.beall@aol.com,7/28/1972,11/20/2005,92635
662814,Mr.,Archie,R,Folse,M,archie.folse@outlook.com,12/20/1992,1/2/2016,145647
609576,Prof.,Ronny,C,Legault,M,ronny.legault@gmail.com,4/30/1977,5/2/2010,83203
492759,Dr.,Eloy,V,Brune,M,eloy.brune@aol.com,12/28/1972,2/6/2015,170760
283912,Hon.,Melani,A,Ruelas,F,melani.ruelas@gmail.com,1/4/1973,8/15/2007,117415
532795,Mr.,Carlo,B,Shotwell,M,carlo.shotwell@gmail.com,6/11/1993,9/23/2015,79470
863566,Prof.,Roland,Z,Antonio,M,roland.antonio@hotmail.com,5/28/1989,1/8/2015,137241
361215,Mrs.,Lisa,G,Wick,F,lisa.wick@gmail.com,12/25/1995,5/17/2017,162121
787265,Prof.,Frankie,S,Owings,M,frankie.owings@yahoo.co.in,6/15/1993,5/10/2017,42901
696561,Mr.,Joe,K,Gowan,M,joe.gowan@comcast.net,4/20/1980,9/6/2013,164300
906336,Ms.,Melisa,Z,Lomas,F,melisa.lomas@msn.com,10/29/1967,5/25/1998,178886
630690,Drs.,Jerilyn,J,Decker,F,jerilyn.decker@yahoo.com,8/26/1970,4/15/2014,148791
785482,Mr.,Geoffrey,J,Lemmons,M,geoffrey.lemmons@gmail.com,3/25/1960,3/15/2008,108088
281990,Drs.,Karima,S,Walz,F,karima.walz@sbcglobal.net,1/29/1992,9/17/2013,93153
965373,Hon.,Trey,M,Joshua,M,trey.joshua@hotmail.com,8/9/1986,7/8/2012,59082
674284,Mrs.,Kina,B,Mcvay,F,kina.mcvay@hotmail.com,6/20/1978,8/4/2012,107926
214814,Dr.,Sherman,C,Coward,M,sherman.coward@gmail.com,12/25/1982,12/19/2004,191501
869212,Mr.,Refugio,G,Bechtold,M,refugio.bechtold@gmail.com,3/4/1963,11/22/1987,160455
133611,Dr.,Felix,W,Imhoff,M,felix.imhoff@charter.net,1/9/1962,6/3/1985,64560
602077,Dr.,Sammie,D,Irick,M,sammie.irick@charter.net,7/16/1967,7/12/2009,149343
356131,Hon.,Dominick,I,Yager,M,dominick.yager@aol.com,5/20/1984,12/18/2009,93696
893395,Ms.,Tatiana,I,Badillo,F,tatiana.badillo@walmart.com,3/10/1977,4/23/2012,94534
716662,Mr.,Ted,M,Baggett,M,ted.baggett@yahoo.ca,12/6/1983,2/2/2013,100330
663907,Mr.,Alec,Q,Odaniel,M,alec.odaniel@sbcglobal.net,12/17/1966,9/20/1991,88011
293254,Mrs.,Gricelda,U,Hower,F,gricelda.hower@microsoft.com,6/19/1992,7/18/2017,179761
936407,Mr.,Hung,H,Ontiveros,M,hung.ontiveros@hotmail.com,8/14/1974,4/4/1997,170128
357807,Hon.,Noe,V,Stanger,M,noe.stanger@verizon.net,6/9/1984,12/6/2016,192182
874367,Mr.,Omar,J,Chadwick,M,omar.chadwick@ntlworld.com,5/23/1989,9/18/2013,176559
704625,Ms.,Adena,W,Engram,F,adena.engram@gmail.com,3/26/1965,10/16/2006,141816
351818,Ms.,Vickie,P,Reimer,F,vickie.reimer@comcast.net,3/16/1967,3/4/2010,120879
385228,Mrs.,Keshia,R,Clyburn,F,keshia.clyburn@yahoo.co.uk,4/12/1991,1/23/2014,69187
860032,Prof.,Rueben,T,Peloquin,M,rueben.peloquin@gmail.com,7/29/1972,2/22/1994,117767
766077,Drs.,Tangela,A,Woody,F,tangela.woody@ntlworld.com,1/12/1966,4/2/2017,41509
334344,Ms.,Erika,J,Mackinnon,F,erika.mackinnon@walmart.com,6/23/1979,8/7/2006,171835
159220,Mr.,Granville,A,Wortman,M,granville.wortman@gmail.com,5/17/1991,1/26/2014,66201
817786,Mr.,Elden,Z,Ordonez,M,elden.ordonez@gmail.com,9/22/1993,10/4/2015,197078
609177,Ms.,Rosaria,P,Buettner,F,rosaria.buettner@gmail.com,3/10/1988,3/27/2009,112525
989292,Ms.,Mariela,A,Santoyo,F,mariela.santoyo@yahoo.com,4/15/1990,6/29/2011,191952
530532,Ms.,Peter,W,Mercer,F,peter.mercer@sbcglobal.net,4/24/1989,9/29/2010,146358
917607,Dr.,Odis,F,Theis,M,odis.theis@gmail.com,3/12/1977,11/24/2013,55083
446216,Dr.,Hector,Y,Knott,M,hector.knott@microsoft.com,6/23/1974,1/14/2009,123075
402001,Ms.,Dorris,I,Vaught,F,dorris.vaught@gmail.com,4/16/1991,2/22/2017,166591
409810,Ms.,Kris,H,Shotwell,F,kris.shotwell@hotmail.com,11/8/1987,1/23/2016,83573
927560,Mr.,Long,F,Hudspeth,M,long.hudspeth@gmail.com,10/15/1986,1/22/2017,60039
806331,Mr.,Vincenzo,L,Whiteley,M,vincenzo.whiteley@hotmail.com,7/5/1992,12/4/2013,58403
151735,Mr.,Reyes,N,Holmes,M,reyes.holmes@hotmail.com,6/4/1967,12/20/2007,70020
670371,Mrs.,Deedra,X,Bosch,F,deedra.bosch@gmail.com,6/10/1968,12/16/2004,165045
949914,Drs.,Jaunita,F,Mcmorris,F,jaunita.mcmorris@gmail.com,6/10/1972,7/29/1996,160352
327161,Drs.,Kam,G,Hazel,F,kam.hazel@hotmail.com,5/29/1981,7/10/2012,43286
381129,Drs.,Flavia,T,Kowalski,F,flavia.kowalski@hotmail.com,5/19/1994,6/29/2017,97912
273207,Mr.,Mike,L,Rohr,M,mike.rohr@gmail.com,8/24/1988,1/23/2012,173750
601692,Mr.,Bret,A,Beall,M,bret.beall@hotmail.com,7/24/1984,4/28/2017,57086
879855,Mrs.,Adrian,Y,Rayborn,F,adrian.rayborn@gmail.com,2/28/1966,10/26/2013,144529
421181,Mrs.,Sidney,X,Lindstrom,F,sidney.lindstrom@cox.net,3/29/1985,6/8/2017,139848
614206,Hon.,Mitchel,T,Ness,M,mitchel.ness@hotmail.co.uk,10/18/1967,10/4/2011,170951
195233,Mr.,Carlton,D,Jalbert,M,carlton.jalbert@shaw.ca,9/8/1959,2/5/2013,56462
471845,Ms.,Jeanett,N,Darden,F,jeanett.darden@gmail.com,3/9/1960,6/17/1988,53469
527371,Ms.,Kenya,J,Irizarry,F,kenya.irizarry@hotmail.co.uk,10/23/1982,11/13/2016,91814
315817,Mrs.,Marti,W,Brewton,F,marti.brewton@gmail.com,4/16/1979,6/22/2015,198686
363186,Mrs.,Lynsey,Q,Hairston,F,lynsey.hairston@walmart.com,10/21/1973,9/23/2005,42358
594072,Ms.,Lauran,V,Paradise,F,lauran.paradise@verizon.net,10/25/1984,8/24/2011,88478
282436,Prof.,Darin,J,Deegan,M,darin.deegan@hotmail.com,3/18/1984,3/24/2012,48702
907609,Dr.,Ervin,J,Wescott,M,ervin.wescott@ibm.com,4/16/1958,9/27/1980,182279
127957,Ms.,Nelia,T,Lopez,F,nelia.lopez@gmail.com,1/9/1989,7/9/2011,88806
457092,Hon.,Forrest,V,Wille,M,forrest.wille@gmail.com,11/12/1971,7/18/2005,157455
776926,Dr.,Hans,L,Haggard,M,hans.haggard@gmail.com,5/20/1960,6/12/2002,56812
284601,Mr.,Felton,B,Tooley,M,felton.tooley@aol.com,1/14/1994,5/4/2017,192833
526711,Mrs.,Kathryn,C,Katz,F,kathryn.katz@gmail.com,12/26/1989,9/22/2015,152496
338304,Prof.,Filiberto,P,Mccaffrey,M,filiberto.mccaffrey@yahoo.com,12/24/1977,3/27/2006,40330
789756,Mr.,Javier,A,Avelar,M,javier.avelar@yahoo.co.in,7/1/1992,6/24/2014,66348
610043,Mr.,Josue,Y,Engstrom,M,josue.engstrom@gmail.com,7/28/1959,9/23/2008,109732
458590,Hon.,Diego,X,Coombs,M,diego.coombs@yahoo.com,5/19/1964,2/1/2001,125273
706947,Hon.,Elden,E,Nadeau,M,elden.nadeau@gmail.com,4/22/1970,6/9/1995,191570
302101,Hon.,Stefania,M,Sublett,F,stefania.sublett@ibm.com,8/19/1979,7/13/2014,83922
440411,Drs.,Nydia,D,Flake,F,nydia.flake@hotmail.com,12/18/1959,4/8/1981,123144
754161,Mrs.,Mariko,R,Colombo,F,mariko.colombo@hotmail.com,5/26/1961,1/20/1990,86640
682431,Mr.,Luigi,Y,Gutshall,M,luigi.gutshall@apple.com,11/10/1962,10/11/1991,182665
677948,Mrs.,Dora,I,Trantham,F,dora.trantham@aol.com,1/23/1970,8/9/1993,45050
405969,Mrs.,Lyn,O,Hayman,F,lyn.hayman@aol.com,1/16/1962,5/16/2007,156515
467080,Mr.,Dane,Y,Lomeli,M,dane.lomeli@gmail.com,4/24/1994,3/7/2016,116255
270454,Mr.,Collin,A,Hart,M,collin.hart@gmail.com,2/6/1958,1/13/2015,64641
622430,Mr.,David,P,Krohn,M,david.krohn@hotmail.com,11/21/1985,3/11/2016,46659
224652,Mr.,Theron,G,Nugent,M,theron.nugent@outlook.com,10/14/1969,11/30/1991,129073
499094,Dr.,Harry,K,Helmick,M,harry.helmick@btinternet.com,12/26/1981,11/1/2013,146431
154664,Ms.,Kemberly,F,Steed,F,kemberly.steed@gmail.com,5/27/1966,3/28/2016,170557
362378,Drs.,Teresita,R,Virgil,F,teresita.virgil@hotmail.co.uk,7/22/1964,3/26/2000,139576
382626,Mr.,Martin,O,Groth,M,martin.groth@comcast.net,11/9/1965,3/9/2013,98328
336151,Hon.,Mandie,F,Lemmons,F,mandie.lemmons@shell.com,4/6/1963,9/29/2010,174641
821660,Mr.,Gaston,U,Madden,M,gaston.madden@microsoft.com,7/24/1986,7/1/2016,157999
715775,Mr.,Chung,C,Destefano,M,chung.destefano@aol.com,3/23/1973,8/29/1998,161040
481509,Mr.,Garland,C,Carter,M,garland.carter@gmail.com,1/25/1970,4/30/1994,122573
340069,Mr.,Edmund,P,Otto,M,edmund.otto@bp.com,7/16/1960,12/20/1992,196010
130437,Ms.,Lia,Z,Meehan,F,lia.meehan@gmail.com,4/28/1986,10/13/2014,171587
605633,Mr.,Jesse,V,Kenny,M,jesse.kenny@yahoo.co.uk,5/28/1994,5/20/2017,87190
474478,Mr.,Mohamed,E,Mingo,M,mohamed.mingo@cox.net,11/29/1980,1/23/2009,163378
706864,Prof.,Cleo,P,Cortes,M,cleo.cortes@aol.com,4/16/1960,3/24/2012,175822
881831,Hon.,Taneka,I,Wheat,F,taneka.wheat@hotmail.com,10/30/1960,10/20/1993,125470
129446,Ms.,Ninfa,U,Elliott,F,ninfa.elliott@aol.com,6/2/1984,4/27/2011,105578
346832,Mrs.,Elease,M,Gaitan,F,elease.gaitan@walmart.com,1/24/1995,12/26/2016,188097
647312,Mr.,Bud,I,Cambell,M,bud.cambell@apple.com,7/8/1971,9/17/1997,62016
832406,Mr.,Jordan,O,Otoole,M,jordan.otoole@exxonmobil.com,2/8/1991,6/15/2017,145832
295298,Hon.,Anibal,L,Honeycutt,M,anibal.honeycutt@gmail.com,11/4/1970,4/11/1999,87658
907652,Mr.,Rene,Y,Sessoms,M,rene.sessoms@gmail.com,11/16/1987,7/5/2017,152364
456388,Ms.,Vernice,A,Sarabia,F,vernice.sarabia@charter.net,4/16/1967,4/11/2016,157690
708345,Mr.,Deshawn,M,Blanchard,M,deshawn.blanchard@aol.com,9/7/1990,6/18/2016,93383
313530,Mr.,Chad,U,Beebe,M,chad.beebe@gmail.com,1/16/1994,11/5/2016,61291
359249,Mr.,Olin,V,Warnke,M,olin.warnke@aol.com,11/6/1971,1/11/1996,182597
249381,Prof.,Ahmad,X,Simonson,M,ahmad.simonson@gmail.com,3/8/1982,8/19/2016,93592
886005,Mr.,Shaun,J,Villareal,M,shaun.villareal@hotmail.co.uk,12/24/1958,4/25/1994,85870
443962,Mrs.,Lynsey,O,Perrine,F,lynsey.perrine@gmail.com,10/5/1970,2/4/2009,83245
866609,Mr.,Gabriel,F,Hoekstra,M,gabriel.hoekstra@gmail.com,2/23/1977,1/23/2002,158492
698005,Prof.,Jeremy,W,Mccay,M,jeremy.mccay@sbcglobal.net,11/16/1975,5/15/2012,80633
961360,Ms.,Hattie,M,Ferrer,F,hattie.ferrer@gmail.com,10/12/1961,1/23/1987,100567
620892,Mr.,Louis,S,Mccusker,M,louis.mccusker@microsoft.com,6/3/1986,4/4/2008,151695
237946,Prof.,Garfield,P,Cagle,M,garfield.cagle@gmail.com,2/19/1993,12/15/2015,135528
433171,Hon.,Freddy,M,Wilkinson,M,freddy.wilkinson@hotmail.com,7/19/1969,10/8/1997,122378
430558,Mr.,Omar,R,Borrego,M,omar.borrego@gmail.com,11/5/1994,5/3/2017,96780
189210,Mr.,Joshua,C,Guyette,M,joshua.guyette@gmail.com,11/9/1963,8/29/1997,158719
716368,Ms.,Jada,S,Labrecque,F,jada.labrecque@hotmail.com,11/11/1987,6/28/2009,167465
781106,Drs.,Rosita,N,Stahl,F,rosita.stahl@hotmail.com,6/5/1987,7/27/2009,67545
481587,Hon.,Alyssa,P,Dominquez,F,alyssa.dominquez@aol.com,5/28/1964,9/20/1995,178349
529395,Mr.,Zachery,K,Aho,M,zachery.aho@hotmail.com,8/2/1994,9/2/2015,42803
215994,Mr.,Booker,U,Duren,M,booker.duren@gmail.com,7/8/1966,7/12/2015,168843
943905,Drs.,Lavonne,K,Loney,F,lavonne.loney@gmail.com,5/5/1959,9/30/1988,182513
674831,Mrs.,Tiffany,V,Owensby,F,tiffany.owensby@hotmail.com,6/29/1979,10/6/2010,156140
793630,Mrs.,Aurora,K,Mcwhirter,F,aurora.mcwhirter@ibm.com,7/21/1968,5/29/1990,141342
669168,Mrs.,Meri,X,Wozniak,F,meri.wozniak@gmail.com,12/8/1990,9/13/2016,137484
513418,Mr.,Dan,Z,Woodley,M,dan.woodley@gmail.com,1/28/1974,4/23/2000,163815
290293,Drs.,Jalisa,N,Hogue,F,jalisa.hogue@gmail.com,8/28/1981,3/2/2013,110556
975239,Hon.,Martin,J,Arias,M,martin.arias@hotmail.com,5/15/1983,8/4/2008,143134
595911,Mr.,Fermin,O,Rotz,M,fermin.rotz@gmail.com,3/22/1965,1/23/2008,96993
429587,Mr.,Omar,U,Jump,M,omar.jump@gmail.com,1/14/1987,10/13/2008,110639
785926,Ms.,Aletha,Y,Chapman,F,aletha.chapman@walmart.com,5/9/1959,1/27/1981,194028
755919,Drs.,Renae,S,Mcknight,F,renae.mcknight@yahoo.com,1/16/1974,7/16/2004,160883
340026,Prof.,Bud,R,Prior,M,bud.prior@charter.net,1/14/1967,3/20/1988,79254
605444,Ms.,Linda,F,Velasquez,F,linda.velasquez@hotmail.com,8/29/1995,1/27/2017,97332
478190,Mr.,Giuseppe,V,Wayland,M,giuseppe.wayland@bp.com,5/28/1967,7/3/2012,153518
352954,Mr.,Major,D,Hopper,M,major.hopper@bp.com,4/28/1966,2/10/2013,83700
416326,Mr.,Garry,Q,Lovelace,M,garry.lovelace@aol.com,4/10/1994,4/9/2016,146934
441000,Ms.,Fransisca,B,Deltoro,F,fransisca.deltoro@aol.com,12/4/1980,5/12/2007,105896
111498,Mrs.,Wan,H,Dickman,F,wan.dickman@walmart.com,8/11/1990,5/6/2016,173022
699775,Mrs.,Gwenn,P,Guyton,F,gwenn.guyton@btinternet.com,4/5/1979,6/12/2011,89604
968960,Drs.,Violette,S,Dennard,F,violette.dennard@exxonmobil.com,7/11/1984,1/23/2009,135978
448244,Mr.,Francis,P,Crochet,M,francis.crochet@aol.com,11/7/1965,1/12/2001,158489
649879,Dr.,Norman,Q,Gentry,M,norman.gentry@shaw.ca,3/20/1963,5/30/2000,156063
293182,Ms.,Kiersten,Y,Corbitt,F,kiersten.corbitt@yahoo.com,9/27/1966,3/6/2013,78019
563088,Mr.,Edgardo,S,Almonte,M,edgardo.almonte@gmail.com,6/28/1990,8/5/2011,78116
542812,Prof.,Sebastian,K,Medlock,M,sebastian.medlock@cox.net,12/22/1995,6/14/2017,169926
401982,Mr.,Armand,X,Caton,M,armand.caton@walmart.com,4/14/1983,8/7/2015,168199
262786,Ms.,Marlana,O,Follett,F,marlana.follett@yahoo.com,11/17/1992,12/31/2013,102275
532098,Prof.,Cornell,Z,Watson,M,cornell.watson@gmail.com,8/7/1965,3/14/2008,183359
335653,Prof.,Ivory,S,Tisdale,M,ivory.tisdale@hotmail.com,12/22/1963,12/19/1988,160176
368294,Mr.,Devin,Z,Crum,M,devin.crum@hotmail.com,6/1/1981,7/17/2013,119518
773789,Dr.,Dane,G,Wigley,M,dane.wigley@yahoo.co.uk,9/7/1978,8/8/2013,42106
658161,Ms.,Jean,G,Burrus,F,jean.burrus@yahoo.com,5/20/1978,6/14/2009,62495
535805,Mr.,Colin,F,Durand,M,colin.durand@yahoo.co.uk,12/14/1979,7/10/2008,186868
921700,Mr.,Ronald,Y,Gilles,M,ronald.gilles@verizon.net,1/25/1974,4/24/2003,127139
318649,Prof.,Vern,N,Bradford,M,vern.bradford@gmail.com,5/9/1994,9/23/2015,116158
408346,Ms.,Samuel,I,Prine,F,samuel.prine@bellsouth.net,2/17/1959,2/16/1997,69598
130953,Drs.,Karina,O,Monroy,F,karina.monroy@shell.com,3/2/1962,7/3/2003,157783
488035,Mr.,Loren,K,Buxton,M,loren.buxton@yahoo.com,2/18/1966,9/8/2013,117712
564305,Mr.,Preston,A,Millen,M,preston.millen@aol.com,12/25/1966,12/1/1997,154478
392950,Mrs.,Adrien,P,Donato,F,adrien.donato@hotmail.com,3/16/1992,12/19/2014,124523
901316,Drs.,Shu,R,Essex,F,shu.essex@gmail.com,5/4/1968,11/10/2005,163363
671087,Mr.,Leslie,J,Sargeant,M,leslie.sargeant@exxonmobil.com,6/3/1970,6/10/2011,109919
754951,Ms.,Gertrud,F,Cain,F,gertrud.cain@aol.com,11/12/1972,12/31/2014,191021
490500,Ms.,Camilla,X,Burgos,F,camilla.burgos@comcast.net,10/4/1984,5/14/2006,175402
600204,Mrs.,Jacinda,C,Quijano,F,jacinda.quijano@gmail.com,4/14/1981,4/7/2006,49201
933148,Ms.,Shae,G,Danielson,F,shae.danielson@hotmail.com,3/1/1988,12/12/2012,56973
337039,Hon.,Daniella,K,Letourneau,F,daniella.letourneau@gmail.com,2/29/1984,2/25/2011,136148
861640,Hon.,Matthew,U,Roeder,M,matthew.roeder@gmail.com,1/14/1959,12/27/1986,61152
579015,Mr.,Hans,I,Thorson,M,hans.thorson@gmail.com,5/18/1967,1/7/2009,148552
608909,Dr.,Brant,F,Cobb,M,brant.cobb@hotmail.com,7/18/1989,8/19/2015,49117
917612,Mrs.,Debra,W,Ellis,F,debra.ellis@gmail.com,5/1/1966,7/2/1995,129128
518577,Ms.,Merry,T,Ables,F,merry.ables@hotmail.com,12/2/1993,7/10/2015,53971
301130,Prof.,Shelton,W,Creamer,M,shelton.creamer@aol.com,12/25/1973,7/17/2012,134821
252678,Mr.,Young,N,Montes,M,young.montes@exxonmobil.com,2/23/1972,10/3/1999,76129
444856,Mr.,Kenneth,G,Tomas,M,kenneth.tomas@yahoo.com,7/27/1975,7/13/2005,130633
561191,Dr.,Woodrow,Y,Whittington,M,woodrow.whittington@yahoo.com,8/4/1971,7/22/2011,161838
966906,Mr.,Dewayne,H,Sparks,M,dewayne.sparks@msn.com,1/19/1993,2/17/2016,154075
541157,Mr.,Rigoberto,J,Fujimoto,M,rigoberto.fujimoto@gmail.com,6/10/1980,2/21/2004,149813
944218,Mr.,Angel,M,Pauley,M,angel.pauley@sbcglobal.net,6/5/1983,11/16/2012,195245
524260,Mr.,Oren,D,Mojica,M,oren.mojica@gmail.com,10/7/1986,5/12/2017,111010
472014,Mrs.,Mari,M,Schwartz,F,mari.schwartz@gmail.com,8/8/1980,2/20/2002,77533
509558,Mrs.,Nakita,A,Doud,F,nakita.doud@gmail.com,5/20/1969,10/14/2000,146508
476732,Hon.,Jeffry,M,Mccrary,M,jeffry.mccrary@hotmail.com,3/28/1974,3/5/2009,143949
280233,Mr.,Bruno,S,Jones,M,bruno.jones@aol.com,6/6/1976,3/28/2002,168531
143547,Prof.,Chadwick,E,Siebert,M,chadwick.siebert@sbcglobal.net,2/20/1993,1/5/2015,74073
454376,Mr.,Loren,V,Jaimes,M,loren.jaimes@gmail.com,10/19/1979,5/16/2005,169583
430691,Hon.,Salvatore,O,Mata,M,salvatore.mata@bellsouth.net,8/14/1964,7/8/2004,76638
386457,Hon.,Azucena,F,Peterkin,F,azucena.peterkin@gmail.com,3/10/1973,8/18/2006,84721
142802,Mr.,Isiah,Y,Remy,M,isiah.remy@yahoo.com,4/14/1973,5/22/1998,102728
613946,Prof.,Cary,A,Larock,M,cary.larock@exxonmobil.com,12/24/1962,11/30/1986,151939
591087,Mrs.,Consuelo,R,Chinn,F,consuelo.chinn@gmail.com,12/22/1983,10/28/2014,124611
876839,Mr.,Jackson,W,Hartzell,M,jackson.hartzell@hotmail.com,11/1/1968,4/7/2017,155685
423609,Ms.,Tamie,D,Bing,F,tamie.bing@yahoo.co.uk,2/22/1964,10/2/2016,85188
960110,Mr.,Hipolito,H,Gold,M,hipolito.gold@gmail.com,1/28/1995,10/6/2016,138506
653505,Mr.,Fritz,K,Joshua,M,fritz.joshua@gmail.com,1/20/1977,7/22/2016,83073
275739,Ms.,Tianna,L,Wood,F,tianna.wood@yahoo.com,10/30/1972,11/13/2002,85807
135111,Dr.,Heath,J,Bohannon,M,heath.bohannon@hotmail.com,11/20/1972,1/25/2008,118297
323219,Prof.,Eusebio,V,Mccue,M,eusebio.mccue@aol.com,10/2/1984,10/26/2016,128748
182452,Ms.,Tia,O,Alva,F,tia.alva@gmail.com,5/10/1979,2/11/2015,43634
167414,Mr.,Ellsworth,R,Waites,M,ellsworth.waites@gmail.com,10/21/1992,2/21/2016,130254
802318,Mr.,Brad,U,Yang,M,brad.yang@gmail.com,4/3/1990,11/26/2012,86558
183794,Mr.,Zackary,S,Mcdougald,M,zackary.mcdougald@gmail.com,7/12/1965,7/27/1999,119160
569692,Mr.,Barton,T,Vanbuskirk,M,barton.vanbuskirk@aol.com,9/9/1980,4/19/2014,106815
209903,Ms.,Lucienne,E,Roark,F,lucienne.roark@walmart.com,2/7/1976,6/23/2002,197473
839998,Mrs.,Leeanna,H,Casteel,F,leeanna.casteel@gmail.com,1/14/1971,3/7/2016,114630
686422,Mr.,Orval,E,Sepulveda,M,orval.sepulveda@shaw.ca,5/6/1959,6/25/2007,185766
992581,Mrs.,Floria,N,Thach,F,floria.thach@hotmail.com,9/3/1983,5/24/2005,134536
482254,Hon.,Silas,O,Linares,M,silas.linares@yahoo.com,2/27/1985,2/22/2006,111691
955454,Drs.,Cynthia,J,Hershberger,F,cynthia.hershberger@bp.com,7/12/1970,9/29/2014,99826
431418,Ms.,Shayna,R,Contreras,F,shayna.contreras@gmail.com,1/22/1996,1/28/2017,126623
816839,Dr.,Gerry,G,Doody,M,gerry.doody@yahoo.ca,3/16/1984,11/28/2010,182630
498410,Mr.,Johnson,Z,Corbett,M,johnson.corbett@yahoo.com,2/25/1983,5/18/2006,75419
884634,Mr.,Ronny,K,Barone,M,ronny.barone@yahoo.com,2/7/1969,2/19/1993,84617
933157,Mr.,Jude,R,Gillman,M,jude.gillman@yahoo.com,1/11/1977,2/16/2008,104318
443782,Mrs.,Gwenda,B,Mestas,F,gwenda.mestas@apple.com,12/28/1990,9/1/2016,173331
221099,Dr.,Ed,N,Breen,M,ed.breen@yahoo.com,5/29/1970,8/17/1997,51948
794910,Ms.,Taryn,L,Cowans,F,taryn.cowans@gmail.com,9/4/1969,5/5/2014,189132
633970,Ms.,Shanti,A,Waites,F,shanti.waites@yahoo.co.in,6/13/1967,2/1/2005,48472
601977,Hon.,Quentin,X,Baty,M,quentin.baty@gmail.com,1/18/1967,10/18/2003,87782
409055,Hon.,Michelina,J,Klatt,F,michelina.klatt@btinternet.com,11/26/1964,5/7/1996,147851
243410,Drs.,Loris,V,Rayfield,F,loris.rayfield@gmail.com,3/14/1978,8/6/2003,103650
695802,Ms.,Lucy,L,Duenas,F,lucy.duenas@gmail.com,12/10/1981,9/24/2011,58235
972253,Mrs.,Inger,G,Shipley,F,inger.shipley@aol.com,2/20/1966,10/17/2014,198534
519798,Ms.,Ryann,P,Walls,F,ryann.walls@aol.com,10/21/1982,6/4/2013,75480
913133,Ms.,Gena,I,Meade,F,gena.meade@yahoo.ca,3/11/1984,5/8/2011,61114
347441,Ms.,Twyla,H,Tilton,F,twyla.tilton@gmail.com,2/10/1965,9/21/1997,44788
812693,Mr.,Milo,Q,Lake,M,milo.lake@hotmail.com,5/9/1996,7/15/2017,62039
390189,Mr.,Malcom,B,Dilley,M,malcom.dilley@msn.com,12/21/1979,12/20/2004,95471
682388,Hon.,Tom,Q,Sledge,M,tom.sledge@gmail.com,3/18/1980,2/5/2013,89619
453958,Mrs.,Leonida,P,Falkner,F,leonida.falkner@aol.com,12/2/1966,9/5/2003,53843
694749,Ms.,Traci,M,Ortiz,F,traci.ortiz@gmail.com,8/23/1961,6/21/1990,111161
361426,Mr.,Buck,L,Dampier,M,buck.dampier@gmail.com,5/26/1988,7/16/2017,79239
360906,Ms.,Ola,R,Liston,F,ola.liston@gmail.com,5/6/1981,5/14/2006,104917
197264,Mr.,Rocky,G,Wooley,M,rocky.wooley@gmail.com,4/13/1967,3/2/1992,148147
906018,Hon.,Connie,R,Scalf,M,connie.scalf@yahoo.com,2/10/1993,9/20/2015,87666
737384,Prof.,Jeremy,T,Bautista,M,jeremy.bautista@gmail.com,10/15/1979,7/8/2011,51481
870402,Prof.,Rick,O,Moralez,M,rick.moralez@hotmail.com,10/5/1966,3/11/1994,42915
201113,Mr.,Jasper,P,Luis,M,jasper.luis@gmail.com,7/12/1973,1/17/1997,169973
964133,Hon.,Emmanuel,Q,Lemke,M,emmanuel.lemke@outlook.com,10/28/1961,4/29/2017,74728
576277,Mr.,Mason,U,Lyon,M,mason.lyon@rediffmail.com,12/27/1962,4/19/2017,132678
647343,Ms.,Kami,T,Watson,F,kami.watson@ibm.com,2/14/1977,8/9/2016,192179
544985,Mr.,Hai,G,Mcelroy,M,hai.mcelroy@aol.com,12/4/1961,3/30/2010,183628
241761,Mr.,Claudio,H,Grenier,M,claudio.grenier@gmail.com,12/30/1965,9/10/2009,129428
260103,Prof.,Von,H,Buchanan,M,von.buchanan@sbcglobal.net,7/3/1964,12/2/2001,41586
379067,Mrs.,Chelsea,F,Pickering,F,chelsea.pickering@gmail.com,3/13/1978,4/6/2010,126428
777980,Dr.,Willis,Z,Mattingly,M,willis.mattingly@yahoo.co.uk,2/15/1975,5/27/2004,157949
591604,Mr.,Hilton,V,Cota,M,hilton.cota@yahoo.co.in,9/27/1960,10/12/2005,115251
730758,Hon.,Aisha,X,Brake,F,aisha.brake@yahoo.com,1/20/1970,4/11/2012,77750
851003,Drs.,Juana,F,Meacham,F,juana.meacham@yahoo.co.in,4/11/1958,3/30/2001,77040
154927,Hon.,Carolin,B,Cuff,F,carolin.cuff@hotmail.com,9/27/1985,4/9/2012,168808
304731,Mrs.,Mertie,A,Villanueva,F,mertie.villanueva@gmail.com,5/29/1972,6/9/1999,54590
281697,Ms.,Van,O,Burford,F,van.burford@microsoft.com,12/30/1982,4/22/2005,63989
127222,Ms.,Mara,V,Hicks,F,mara.hicks@shell.com,8/28/1986,12/11/2007,105549
761383,Mr.,Freddie,R,Hines,M,freddie.hines@gmail.com,10/14/1993,8/16/2016,161602
735581,Dr.,Ronny,R,Thorne,M,ronny.thorne@gmail.com,3/13/1962,5/27/2016,41245
460718,Prof.,Garfield,D,Stepp,M,garfield.stepp@bellsouth.net,11/26/1965,12/22/2010,88908
730999,Drs.,Tristan,L,Mitchel,F,tristan.mitchel@gmail.com,4/12/1960,12/19/1995,116143
194190,Mr.,Mohammad,X,Jaquez,M,mohammad.jaquez@yahoo.co.in,3/23/1968,11/4/2009,73765
704737,Mr.,Sydney,I,Polley,M,sydney.polley@aol.com,7/23/1962,7/2/2011,192920
639404,Hon.,Annabelle,N,Smythe,F,annabelle.smythe@gmail.com,12/12/1976,4/21/2015,169392
158701,Mr.,Chi,Q,Verret,M,chi.verret@shaw.ca,1/8/1974,3/12/2015,68168
464254,Dr.,Barry,N,Weiler,M,barry.weiler@rediffmail.com,5/18/1983,10/20/2010,157260
901707,Mrs.,Kerri,C,Baber,F,kerri.baber@hotmail.com,10/1/1979,10/16/2014,163726
804787,Mr.,Kirk,M,Mingo,M,kirk.mingo@yahoo.com,7/15/1994,8/31/2016,113106
282559,Hon.,Kristopher,B,Huynh,M,kristopher.huynh@walmart.com,5/18/1989,4/22/2017,68627
232653,Ms.,Ines,J,Ragland,F,ines.ragland@walmart.com,7/27/1965,1/16/1990,61079
509922,Mrs.,Alyson,B,Lujan,F,alyson.lujan@hotmail.com,5/12/1974,5/1/2007,136681
128798,Hon.,Kari,F,Russo,F,kari.russo@yahoo.co.in,10/1/1975,6/17/2009,60998
975676,Mr.,Roberto,H,Camara,M,roberto.camara@gmail.com,11/23/1970,6/11/2013,184677
602306,Dr.,Lazaro,W,Broadnax,M,lazaro.broadnax@hotmail.com,6/19/1985,10/31/2013,193750
276180,Ms.,Hollis,O,Wheat,F,hollis.wheat@yahoo.com,9/27/1958,1/19/1998,96209
204371,Mr.,Clifford,Z,Remington,M,clifford.remington@gmail.com,10/8/1992,7/7/2017,109797
181463,Hon.,Emil,O,Banda,M,emil.banda@gmail.com,8/9/1983,10/26/2004,136133
465194,Ms.,Davida,T,Harney,F,davida.harney@bellsouth.net,9/28/1965,12/31/2004,85827
468983,Ms.,Lean,Z,Bayer,F,lean.bayer@yahoo.co.uk,7/6/1977,7/7/2012,100640
503785,Ms.,Kasha,W,Rossman,F,kasha.rossman@rediffmail.com,7/18/1979,1/15/2005,134512
427538,Mr.,Diego,O,Linden,M,diego.linden@verizon.net,8/25/1978,4/2/2013,147965
960694,Dr.,Emile,A,Nowell,M,emile.nowell@comcast.net,5/29/1973,12/25/1999,152400
836865,Ms.,Hillary,S,Gower,F,hillary.gower@gmail.com,3/6/1971,8/9/2001,114710
281432,Ms.,Sammie,E,Thelen,F,sammie.thelen@earthlink.net,2/11/1985,2/14/2008,130934
450715,Drs.,Millie,O,Woodyard,F,millie.woodyard@gmail.com,9/7/1968,2/6/2006,82801
378358,Mr.,Buck,L,Schmitz,M,buck.schmitz@hotmail.com,6/17/1966,10/9/1997,135588
788952,Mrs.,Georgeanna,G,Herrin,F,georgeanna.herrin@gmail.com,6/11/1990,7/8/2017,42062
698826,Mr.,Boyd,N,Ohara,M,boyd.ohara@gmail.com,4/5/1959,5/31/1983,118135
377569,Drs.,Marietta,R,Armistead,F,marietta.armistead@exxonmobil.com,6/2/1969,2/8/2012,53424
838465,Ms.,Jama,T,Pinson,F,jama.pinson@aol.com,4/12/1969,6/28/2004,147040
686626,Mr.,Irving,U,Findlay,M,irving.findlay@aol.com,11/22/1981,11/15/2005,117746
949598,Prof.,Scot,T,Kurtz,M,scot.kurtz@hotmail.co.uk,11/8/1966,8/13/2002,80969
904985,Mr.,Tyron,O,Alderman,M,tyron.alderman@rediffmail.com,2/7/1980,9/4/2016,115273
972580,Ms.,Delpha,Q,Haworth,F,delpha.haworth@gmail.com,3/8/1975,1/25/2013,150438
690748,Prof.,Burton,W,Noel,M,burton.noel@earthlink.net,5/12/1963,12/14/1988,60714
828940,Hon.,Charisse,Q,Naumann,F,charisse.naumann@aol.com,7/5/1973,5/28/2007,112571
925162,Ms.,Shawanda,Y,Troxell,F,shawanda.troxell@gmail.com,1/24/1964,7/6/1996,158944
381885,Ms.,Candi,R,Allard,F,candi.allard@yahoo.com,12/3/1965,7/21/1988,123996
719994,Mrs.,Christin,G,Bustos,F,christin.bustos@microsoft.com,6/19/1965,8/25/2015,186330
858608,Hon.,Duncan,B,Harden,M,duncan.harden@gmail.com,12/25/1981,2/22/2011,116857
706165,Mrs.,Kelsi,F,Abrego,F,kelsi.abrego@comcast.net,2/11/1985,1/26/2013,162689
762182,Mr.,Wilson,Q,Wheaton,M,wilson.wheaton@btinternet.com,2/20/1970,3/21/2007,102957
631404,Hon.,Elaine,H,Bennet,F,elaine.bennet@hotmail.com,2/25/1973,4/2/2000,158861
856366,Ms.,Margeret,L,Kornegay,F,margeret.kornegay@msn.com,9/22/1973,6/17/2004,191024
850264,Hon.,Matthew,D,Ewald,F,matthew.ewald@aol.com,3/9/1993,5/23/2014,164915
140000,Ms.,Kristyn,Z,Raines,F,kristyn.raines@ntlworld.com,12/5/1965,7/17/2006,102097
623167,Mr.,Omar,D,Michaelson,M,omar.michaelson@shell.com,2/29/1984,11/9/2014,183980
505426,Hon.,Emilio,J,Pires,M,emilio.pires@outlook.com,4/29/1967,12/28/1994,88049
585592,Mrs.,Bridgett,A,Lowder,F,bridgett.lowder@yahoo.com,9/26/1960,1/24/1994,116688
664265,Mr.,Kennith,P,Orcutt,M,kennith.orcutt@gmail.com,4/11/1978,7/17/2012,78222
970728,Mr.,Dee,T,Stringfellow,M,dee.stringfellow@yahoo.com,7/11/1989,5/19/2015,161267
146120,Ms.,Malorie,L,Evenson,F,malorie.evenson@aol.com,1/23/1960,9/8/2005,159195
724489,Mr.,Malik,A,Vansickle,M,malik.vansickle@hotmail.com,3/15/1980,10/20/2014,94229
620188,Mr.,Brad,V,Irizarry,M,brad.irizarry@hotmail.com,8/17/1981,7/27/2007,92671
207343,Hon.,Raymundo,Q,Dunton,M,raymundo.dunton@ibm.com,1/25/1993,9/21/2014,156709
900900,Mr.,Gavin,O,Tiller,M,gavin.tiller@shell.com,5/12/1986,8/22/2013,96500
621826,Hon.,Hui,T,Cauley,F,hui.cauley@gmail.com,9/4/1971,1/10/1997,71413
887596,Hon.,Roscoe,S,Book,M,roscoe.book@aol.com,5/3/1958,5/28/1991,193813
637973,Ms.,Jenny,B,Sweatt,F,jenny.sweatt@hotmail.com,12/2/1991,12/6/2012,115199
577110,Mr.,Noble,D,Levine,M,noble.levine@ibm.com,5/21/1981,8/10/2010,115289
688898,Mr.,Tracey,Y,Romans,M,tracey.romans@verizon.net,3/18/1975,3/6/2013,52275
954827,Mrs.,Missy,R,Potts,F,missy.potts@gmail.com,2/13/1996,4/21/2017,179548
742054,Mrs.,Nana,O,Pyatt,F,nana.pyatt@bellsouth.net,12/29/1995,7/1/2017,93035
458660,Mr.,Nathanael,T,Trost,M,nathanael.trost@yahoo.com,5/26/1995,6/25/2016,96663
685091,Mr.,Augustus,W,Nolin,M,augustus.nolin@bp.com,6/13/1975,4/4/2004,83504
488166,Ms.,Halina,A,Jack,F,halina.jack@gmail.com,9/24/1995,5/29/2017,199806
242949,Hon.,Eula,S,Batts,F,eula.batts@aol.com,7/12/1969,9/3/1991,50422
764353,Mrs.,Anglea,E,Whittemore,F,anglea.whittemore@yahoo.com,5/24/1979,4/5/2009,50008
898437,Mr.,Dan,G,Beall,M,dan.beall@charter.net,1/30/1960,11/8/1993,146946
234629,Drs.,Gertrud,C,Throckmorton,F,gertrud.throckmorton@aol.com,4/11/1963,4/4/2000,119052
955164,Ms.,Ashli,X,Snyder,F,ashli.snyder@hotmail.com,7/5/1967,4/25/2011,163973
772890,Mr.,Donnie,K,Snowden,M,donnie.snowden@bp.com,6/27/1960,6/26/1990,135490
881724,Dr.,Leonardo,E,Spratt,M,leonardo.spratt@yahoo.com,4/20/1978,6/27/2007,92101
480296,Mr.,Weston,P,Griswold,M,weston.griswold@hotmail.com,9/25/1990,10/26/2016,198781
742686,Ms.,Dollie,T,Glassman,F,dollie.glassman@aol.com,4/6/1960,4/15/2013,59203
947866,Mrs.,Cami,C,Valenzuela,F,cami.valenzuela@hotmail.com,6/19/1983,11/15/2008,86556
188610,Mr.,Denver,T,Chamberlain,M,denver.chamberlain@hotmail.co.uk,6/4/1965,11/15/1990,88630
619751,Mrs.,Taneka,A,Wertz,F,taneka.wertz@yahoo.com,8/19/1963,2/28/1994,60014
143982,Mrs.,Joeann,I,Leach,F,joeann.leach@gmail.com,11/19/1969,6/13/1994,163039
840551,Prof.,Al,F,Pettiford,M,al.pettiford@hotmail.com,5/6/1974,12/21/2016,112434
220841,Hon.,Prince,G,Colman,M,prince.colman@gmail.com,3/21/1996,4/9/2017,158846
725532,Drs.,Floretta,K,Salmons,F,floretta.salmons@gmail.com,4/18/1970,10/12/2002,85813
330328,Dr.,Buford,A,Ochoa,M,buford.ochoa@gmail.com,10/18/1972,2/20/2014,56307
770444,Ms.,Rebbeca,W,Cress,F,rebbeca.cress@gmail.com,10/1/1993,7/20/2017,80635
964366,Mr.,Dallas,I,Mori,M,dallas.mori@yahoo.com,8/10/1992,11/11/2013,70219
673127,Dr.,Kareem,J,Puente,M,kareem.puente@outlook.com,7/19/1970,2/22/2015,143763
397483,Ms.,Mitzi,M,Bundy,F,mitzi.bundy@gmail.com,3/18/1958,9/4/1993,66246
172494,Mr.,Darell,L,Gagne,M,darell.gagne@gmail.com,7/14/1983,4/29/2009,179450
614334,Ms.,Michelle,V,Vestal,F,michelle.vestal@gmail.com,12/25/1976,5/25/2009,67877
377086,Mr.,Lorenzo,L,Harbin,M,lorenzo.harbin@sbcglobal.net,2/9/1971,6/7/2009,108484
212905,Mr.,Augustine,U,Lock,M,augustine.lock@aol.com,8/1/1986,1/9/2013,179000
610993,Prof.,Zane,C,Roseboro,M,zane.roseboro@gmail.com,3/4/1981,3/27/2013,180450
755651,Hon.,Magaret,J,Boatwright,F,magaret.boatwright@bp.com,10/17/1974,8/11/2001,47103
249357,Ms.,Helena,N,Batchelor,F,helena.batchelor@gmail.com,2/14/1967,9/27/2006,104125
818533,Ms.,Nga,W,Dolan,F,nga.dolan@gmail.com,4/8/1975,12/24/2000,112114
126793,Mr.,Boyce,I,Hargett,M,boyce.hargett@gmail.com,5/2/1983,11/28/2014,180990
210205,Mrs.,Jaunita,N,Tweedy,F,jaunita.tweedy@yahoo.ca,1/16/1995,6/18/2017,45837
990948,Ms.,Delphine,O,Chang,F,delphine.chang@gmail.com,8/27/1961,7/22/1983,146869
611338,Mr.,Trenton,G,Heron,M,trenton.heron@hotmail.com,10/22/1990,4/28/2016,67045
251198,Mr.,Burton,W,Araujo,M,burton.araujo@microsoft.com,5/15/1965,7/18/1986,106703
661859,Mrs.,Annita,G,Vandyke,F,annita.vandyke@hotmail.com,10/26/1971,3/24/1996,137174
939153,Drs.,Ulrike,U,Timm,F,ulrike.timm@gmail.com,3/5/1985,5/10/2006,147429
634996,Drs.,Samella,Z,Roebuck,F,samella.roebuck@gmail.com,8/17/1995,3/18/2017,81655
797631,Mr.,Dennis,V,Haywood,M,dennis.haywood@hotmail.com,10/7/1978,5/25/2015,54005
948126,Mr.,Darrel,E,Busch,M,darrel.busch@btinternet.com,9/7/1978,11/1/2012,41866
748107,Mrs.,Noelia,T,Ozuna,F,noelia.ozuna@aol.com,2/21/1959,10/2/1985,113548
315991,Ms.,Ka,W,Matney,F,ka.matney@hotmail.com,5/28/1984,5/5/2013,62711
208854,Mr.,Foster,B,Steffen,M,foster.steffen@yahoo.com,9/24/1975,1/26/2009,192597
462938,Hon.,Carlos,W,Woodrum,M,carlos.woodrum@bellsouth.net,4/22/1975,3/9/2003,60821
291560,Prof.,Cornell,Y,Dann,M,cornell.dann@walmart.com,4/27/1988,6/6/2016,72503
533069,Mrs.,Dell,Z,Donato,F,dell.donato@hotmail.com,8/18/1964,12/9/2010,178387
570859,Ms.,Lovetta,W,Waldman,F,lovetta.waldman@yahoo.com,8/8/1984,3/16/2011,67952
114988,Ms.,Constance,K,Schaal,F,constance.schaal@outlook.com,11/14/1982,6/19/2014,127605
232329,Mr.,Alexis,Q,Dias,M,alexis.dias@yahoo.com,7/8/1990,6/11/2017,193600
686674,Mr.,Wm,E,Hills,M,wm.hills@yahoo.co.uk,1/21/1976,12/22/2006,170762
404533,Mrs.,Renata,V,Simoneau,F,renata.simoneau@cox.net,6/5/1973,3/16/2005,183834
841612,Mrs.,Jaye,D,Timberlake,F,jaye.timberlake@yahoo.ca,8/17/1986,10/11/2014,180936
258402,Mrs.,Cathrine,S,Cusick,F,cathrine.cusick@gmail.com,11/21/1988,7/20/2011,150675
435062,Mr.,Hoyt,F,Christy,M,hoyt.christy@gmail.com,4/10/1993,11/11/2014,148324
123993,Ms.,Kayleen,Z,Gossett,F,kayleen.gossett@yahoo.com,5/18/1986,5/9/2014,104782
567128,Mr.,Jed,A,Millner,M,jed.millner@hotmail.com,5/12/1994,6/26/2015,97193
207939,Ms.,Melina,D,Tague,F,melina.tague@gmail.com,7/18/1975,12/25/2010,124600
763749,Hon.,Julienne,X,Leclerc,F,julienne.leclerc@comcast.net,3/6/1984,10/31/2015,138464
606031,Drs.,Kallie,F,Vo,F,kallie.vo@sbcglobal.net,5/10/1968,10/6/2013,118619
272275,Mr.,Francis,O,Mardis,M,francis.mardis@yahoo.com,12/2/1977,8/26/2007,142909
527611,Mr.,Rickie,H,Sandusky,M,rickie.sandusky@exxonmobil.com,12/25/1969,3/15/2001,85773
832729,Mrs.,Charlene,Q,Benham,F,charlene.benham@aol.com,6/6/1968,7/19/2003,159982
203997,Mrs.,Coletta,W,Kirkpatrick,F,coletta.kirkpatrick@gmail.com,5/17/1979,8/29/2015,58948
508106,Mr.,Isaias,S,Tu,M,isaias.tu@hotmail.com,9/3/1970,3/22/2014,187273
286482,Ms.,Emerita,W,Burbank,F,emerita.burbank@hotmail.com,8/28/1960,10/26/2006,76628
379250,Mr.,Kristofer,W,Rau,M,kristofer.rau@hotmail.com,12/28/1958,12/23/2002,175582
872809,Mr.,Dewayne,O,Thacker,M,dewayne.thacker@gmail.com,2/29/1980,9/16/2005,87655
798763,Hon.,Rocky,N,Murphey,M,rocky.murphey@yahoo.co.uk,1/16/1970,9/5/2016,74629
745456,Ms.,Sasha,U,Wesson,F,sasha.wesson@yahoo.com,6/3/1963,9/24/2014,54126
565044,Prof.,Moses,I,Hays,M,moses.hays@hotmail.com,8/9/1981,3/10/2013,84376
293943,Prof.,Sid,P,Fasano,M,sid.fasano@ibm.com,8/11/1968,1/11/2009,77404
155369,Mrs.,Vallie,J,Wolf,F,vallie.wolf@gmail.com,1/1/1996,5/29/2017,196983
260057,Mr.,Emil,P,Pimentel,M,emil.pimentel@gmail.com,1/24/1963,5/21/2007,92262
601319,Mr.,Emory,C,Matson,M,emory.matson@btinternet.com,5/18/1977,3/1/2014,74382
222663,Hon.,Nicolasa,B,Guillermo,F,nicolasa.guillermo@rediffmail.com,4/9/1960,4/30/1997,154145
478802,Mrs.,Cheryl,A,Fenske,F,cheryl.fenske@gmail.com,8/7/1993,2/23/2017,186490
960982,Drs.,Katrina,V,Pedraza,F,katrina.pedraza@gmail.com,10/16/1971,10/30/2007,144562
818207,Mr.,Ruben,A,Doherty,M,ruben.doherty@gmail.com,2/21/1978,3/31/1999,55023
835238,Ms.,Marjory,O,Sherlock,F,marjory.sherlock@microsoft.com,11/11/1968,8/12/2016,159603
406920,Ms.,Maggie,Q,Charron,F,maggie.charron@gmail.com,5/28/1969,8/13/2000,47965
545767,Mrs.,Jeannine,W,Mcmaster,F,jeannine.mcmaster@btinternet.com,9/26/1970,3/15/2007,166581
623097,Mr.,Chet,P,Bent,M,chet.bent@gmail.com,1/23/1970,11/26/2012,89630
631721,Dr.,Graig,E,Dowd,M,graig.dowd@shell.com,10/16/1986,3/7/2011,113790
939562,Mrs.,Trina,B,Ecker,F,trina.ecker@shaw.ca,1/3/1972,11/15/1993,51379
292678,Hon.,Paulita,X,Gantz,F,paulita.gantz@cox.net,6/12/1968,11/21/2003,118407
236747,Prof.,Mervin,R,Sevier,M,mervin.sevier@gmail.com,1/27/1991,10/11/2016,67939
116508,Ms.,Mercy,O,Howie,F,mercy.howie@yahoo.com,8/29/1965,10/30/2011,77497
619098,Hon.,Kenton,M,Mcchesney,M,kenton.mcchesney@exxonmobil.com,7/27/1994,4/18/2017,184360
852377,Prof.,Lenard,I,Million,M,lenard.million@gmail.com,5/21/1981,4/5/2011,167161
873838,Ms.,Sherlene,U,Seabolt,F,sherlene.seabolt@aol.com,6/13/1994,11/9/2015,58592
367778,Hon.,Antony,H,Diep,M,antony.diep@gmail.com,8/31/1991,10/14/2013,54796
710991,Hon.,Alma,D,Calderon,F,alma.calderon@gmail.com,5/1/1994,10/10/2016,124690
928478,Drs.,Tamatha,A,Born,F,tamatha.born@ntlworld.com,6/21/1975,3/14/2016,129492
701308,Mrs.,Saundra,S,Cato,F,saundra.cato@gmail.com,3/26/1985,2/23/2017,61638
940273,Ms.,Lynda,O,Herod,F,lynda.herod@hotmail.com,4/7/1993,4/5/2016,95541
828793,Ms.,Gilberte,O,Vasques,F,gilberte.vasques@gmail.com,1/13/1990,12/12/2013,52808
624768,Mr.,Stephen,K,Falco,M,stephen.falco@gmail.com,7/3/1963,2/9/1987,74082
796685,Mr.,Cory,Z,Brodsky,M,cory.brodsky@hotmail.com,10/9/1961,10/18/2009,121033
656963,Drs.,Annetta,A,Leggett,F,annetta.leggett@gmail.com,7/14/1994,9/17/2016,117865
114703,Ms.,Christy,T,Moreau,F,christy.moreau@hotmail.com,7/2/1964,3/11/1988,64311
570206,Hon.,Raye,E,Olsen,F,raye.olsen@yahoo.com,9/13/1985,4/12/2011,164144
661977,Mr.,Leif,W,Cooper,M,leif.cooper@yahoo.com,3/4/1974,7/6/2001,157137
400716,Mr.,Edwin,A,Castleman,M,edwin.castleman@hotmail.com,9/29/1978,9/4/2016,90686
420121,Ms.,Floria,W,Nunnery,F,floria.nunnery@exxonmobil.com,1/18/1962,6/7/2005,102450
377260,Mr.,Elmo,S,Smythe,M,elmo.smythe@gmail.com,4/7/1973,12/10/2011,59921
182002,Mr.,Lawerence,T,Howells,M,lawerence.howells@yahoo.com,11/23/1987,6/17/2014,159218
794849,Hon.,Ranae,X,Fortney,F,ranae.fortney@hotmail.com,10/21/1985,4/8/2008,96200
819536,Mr.,Reuben,Z,Lamm,M,reuben.lamm@bellsouth.net,1/27/1991,7/15/2017,90634
878017,Mr.,Justin,R,Kelleher,M,justin.kelleher@gmail.com,10/3/1962,12/17/2009,121190
916061,Dr.,Dewey,K,Jaeger,M,dewey.jaeger@shaw.ca,3/8/1981,7/27/2002,97950
994799,Ms.,Barb,P,Halle,F,barb.halle@yahoo.com,11/5/1975,8/15/2011,112387
346640,Dr.,Columbus,D,Salisbury,M,columbus.salisbury@gmail.com,7/28/1965,12/6/1993,104927
360290,Ms.,Daphine,P,Vestal,F,daphine.vestal@yahoo.co.in,9/2/1959,11/22/2000,89757
500710,Ms.,Dottie,T,Alderson,F,dottie.alderson@gmail.com,7/25/1964,8/1/1989,197914
368675,Mrs.,Shonna,S,Keefer,F,shonna.keefer@rediffmail.com,8/19/1965,1/20/2014,155505
952659,Ms.,Stormy,U,Colwell,F,stormy.colwell@gmail.com,6/28/1958,9/3/1989,106549
803734,Mr.,Nestor,Y,Duvall,M,nestor.duvall@gmail.com,12/9/1957,9/2/1980,51959
608094,Ms.,Angelika,U,Isham,F,angelika.isham@yahoo.com,5/9/1961,2/21/2005,130094
400039,Ms.,Bambi,K,Diorio,F,bambi.diorio@aol.com,2/7/1970,4/15/1991,142596
909132,Ms.,Sherri,I,Doiron,F,sherri.doiron@yahoo.com,5/11/1987,7/2/2010,194379
115956,Drs.,Nelida,N,Whitaker,F,nelida.whitaker@gmail.com,5/29/1959,8/6/2003,161168
904283,Mr.,Jacques,W,Kutz,M,jacques.kutz@aol.com,2/29/1988,12/24/2015,164385
590680,Mr.,Marcelo,C,Liddle,M,marcelo.liddle@aol.com,11/20/1982,10/15/2004,113981
877354,Ms.,Gabriel,V,Welch,F,gabriel.welch@earthlink.net,10/17/1994,11/15/2015,97448
590847,Mrs.,Laree,U,Purvis,F,laree.purvis@charter.net,4/29/1993,1/19/2016,80281
340938,Ms.,Donette,C,Magruder,F,donette.magruder@yahoo.com,6/10/1996,7/21/2017,122084
807842,Ms.,Kirsten,T,Bish,F,kirsten.bish@hotmail.co.uk,10/11/1995,12/2/2016,175766
422267,Mr.,Darron,G,Beaudette,M,darron.beaudette@microsoft.com,12/4/1984,6/24/2016,147446
700249,Dr.,Troy,S,Sales,M,troy.sales@yahoo.co.uk,12/9/1979,10/13/2007,64231
446976,Mr.,Cameron,Z,Teeters,M,cameron.teeters@gmail.com,12/2/1969,12/29/2004,128398
298105,Mr.,Sean,A,Harry,M,sean.harry@yahoo.com,4/4/1979,2/24/2003,162334
970791,Ms.,Bernie,Q,Quinonez,F,bernie.quinonez@sbcglobal.net,12/7/1964,6/2/2009,51219
441179,Prof.,Steve,X,Arciniega,M,steve.arciniega@earthlink.net,10/25/1983,11/21/2014,162481
842459,Mrs.,Shenita,N,Roybal,F,shenita.roybal@hotmail.com,1/25/1983,3/15/2012,124936
479060,Ms.,Larue,J,Veach,F,larue.veach@comcast.net,12/7/1979,10/20/2015,138851
992381,Mr.,Rickie,W,Niles,M,rickie.niles@gmail.com,7/10/1964,5/5/2010,103270
683048,Mr.,Dominic,Q,Leboeuf,M,dominic.leboeuf@walmart.com,7/7/1960,9/10/2002,101525
308041,Mr.,Ashley,H,Moseley,M,ashley.moseley@aol.com,9/22/1986,4/8/2011,62217
842078,Mr.,Arturo,I,Gosselin,M,arturo.gosselin@yahoo.com,2/15/1984,8/29/2016,143764
290695,Prof.,Pat,I,Windle,M,pat.windle@outlook.com,6/21/1977,3/22/2017,198256
959331,Ms.,Marni,O,Osborn,F,marni.osborn@msn.com,12/18/1970,9/24/2007,167389
743300,Hon.,Martina,Z,Anders,F,martina.anders@gmail.com,7/3/1983,10/25/2005,132166
410653,Hon.,Willena,G,Burney,F,willena.burney@charter.net,4/27/1976,10/17/2016,131303
961923,Mr.,Gustavo,A,Vandiver,M,gustavo.vandiver@bp.com,2/9/1981,7/5/2011,163491
148119,Mrs.,Mafalda,J,Mcvey,F,mafalda.mcvey@yahoo.co.in,1/24/1967,4/24/1990,48128
680623,Prof.,Mason,Z,Pemberton,M,mason.pemberton@hotmail.co.uk,4/22/1969,10/2/2007,80610
309839,Ms.,Faye,D,Schade,F,faye.schade@gmail.com,9/2/1958,4/4/1992,113977
575348,Mr.,Valentine,Z,Keating,M,valentine.keating@shell.com,10/18/1994,12/21/2016,131446
930458,Mr.,Ed,X,Herbert,M,ed.herbert@hotmail.com,2/9/1967,12/3/1989,116333
576879,Drs.,Corliss,L,Ketchum,F,corliss.ketchum@charter.net,10/24/1991,8/25/2016,159788
335696,Mr.,Ali,V,Bigler,M,ali.bigler@gmail.com,6/22/1970,11/19/2004,185077
687230,Mr.,Clement,T,Campion,M,clement.campion@hotmail.com,6/19/1982,6/23/2009,152249
248675,Mr.,Brady,H,Delatorre,M,brady.delatorre@gmail.com,4/28/1958,5/31/1981,191620
327306,Ms.,Denese,N,Ito,F,denese.ito@gmail.com,1/23/1975,6/15/2016,40841
191404,Prof.,Forrest,J,Labonte,M,forrest.labonte@hotmail.com,9/28/1990,5/15/2015,101174
465809,Ms.,Lacie,G,Rosenblum,F,lacie.rosenblum@gmail.com,1/18/1989,2/2/2017,166182
431384,Mr.,Joe,O,Shealy,M,joe.shealy@walmart.com,4/28/1994,4/12/2016,103140
557174,Mrs.,Carmelita,P,Nick,F,carmelita.nick@comcast.net,10/26/1972,12/3/2003,166319
945593,Ms.,Charlott,R,Mcneese,F,charlott.mcneese@aol.com,9/3/1957,3/30/2014,184624
316304,Ms.,Simona,X,Borchers,F,simona.borchers@bp.com,2/1/1965,10/24/2001,176186
985150,Mr.,Broderick,J,Maxfield,M,broderick.maxfield@hotmail.com,9/23/1980,10/4/2016,132076
580122,Ms.,Lolita,H,Watt,F,lolita.watt@hotmail.com,3/6/1993,7/24/2014,102676
490680,Mrs.,Shakia,J,Farthing,F,shakia.farthing@rediffmail.com,1/17/1983,11/27/2007,186060
394803,Mr.,Omar,U,Roemer,M,omar.roemer@bellsouth.net,2/1/1981,1/9/2005,140354
386154,Ms.,Trinity,B,Gholston,F,trinity.gholston@bellsouth.net,7/2/1967,4/13/1996,54139
134270,Mrs.,Drucilla,F,Tingle,F,drucilla.tingle@bp.com,1/22/1979,2/2/2016,132775
778975,Ms.,Joette,Y,Farwell,F,joette.farwell@hotmail.com,12/2/1981,4/13/2014,106898
233261,Mrs.,Maribeth,N,Blackshear,F,maribeth.blackshear@gmail.com,3/11/1974,12/10/2002,64440
760754,Hon.,Nelson,W,Simmon,M,nelson.simmon@gmail.com,7/14/1973,7/3/2004,142075
451659,Drs.,Karlene,D,Boughton,F,karlene.boughton@shaw.ca,8/14/1983,7/28/2007,168382
169907,Mrs.,Agatha,E,Wojcik,F,agatha.wojcik@gmail.com,12/21/1964,11/20/1987,101836
364502,Ms.,Madelene,T,Covarrubias,F,madelene.covarrubias@msn.com,7/15/1962,12/27/1985,134353
343813,Mrs.,Meridith,M,Towle,F,meridith.towle@yahoo.com,3/8/1967,4/30/1999,128159
216588,Ms.,Larae,R,Hays,F,larae.hays@yahoo.com,11/4/1994,9/1/2016,142670
221690,Mr.,Alfonso,U,Rivera,M,alfonso.rivera@shaw.ca,1/12/1980,12/6/2016,101352
613882,Mr.,Donny,M,Mohler,M,donny.mohler@aol.com,10/16/1986,12/31/2014,88655
381479,Ms.,Katheleen,T,Doctor,F,katheleen.doctor@aol.com,9/9/1963,12/16/1998,126696
635058,Drs.,Leonie,T,Mix,F,leonie.mix@gmail.com,1/12/1994,8/4/2016,122721
260768,Mrs.,Denita,H,Franklin,F,denita.franklin@rediffmail.com,8/26/1975,3/23/2016,114206
390963,Mr.,Lance,H,Gilson,M,lance.gilson@hotmail.com,9/29/1973,8/12/2005,71069
700629,Mrs.,Shelley,U,Mohler,F,shelley.mohler@gmail.com,9/22/1966,1/11/2012,156526
948660,Mr.,Nigel,P,Rascon,M,nigel.rascon@yahoo.com,4/6/1975,9/17/2008,142021
173479,Prof.,Jefferey,C,Carver,M,jefferey.carver@yahoo.co.uk,7/7/1976,3/25/2009,89940
981170,Ms.,Gene,X,Nelson,F,gene.nelson@microsoft.com,8/22/1989,6/5/2015,82970
833869,Dr.,Shirley,D,Southworth,M,shirley.southworth@exxonmobil.com,11/18/1987,12/23/2009,183517
392907,Ms.,Juana,D,Mota,F,juana.mota@yahoo.com,11/21/1964,2/15/2013,72962
753281,Mrs.,Hayley,Y,Galicia,F,hayley.galicia@aol.com,12/30/1985,7/19/2008,141375
948578,Mr.,Reyes,C,Coolidge,M,reyes.coolidge@hotmail.com,11/6/1986,2/28/2013,115893
477868,Mr.,Octavio,J,Saez,M,octavio.saez@gmail.com,3/14/1988,7/5/2016,43069
377793,Mr.,Oliver,F,Laws,M,oliver.laws@comcast.net,2/4/1963,3/4/2015,179344
714638,Mr.,Myron,R,Brant,M,myron.brant@hotmail.com,8/28/1966,11/21/1987,167114
649795,Ms.,Gidget,R,Ricciardi,F,gidget.ricciardi@hotmail.com,3/28/1979,7/1/2008,164027
173913,Mr.,Scottie,W,Banner,M,scottie.banner@gmail.com,8/15/1975,4/21/2016,42615
668347,Mrs.,Samantha,I,Cate,F,samantha.cate@yahoo.com,5/5/1963,9/5/2010,108869
151353,Ms.,Renea,U,Mortenson,F,renea.mortenson@outlook.com,9/3/1976,5/18/2001,154043
747853,Prof.,Otha,X,Honaker,M,otha.honaker@gmail.com,9/23/1983,6/10/2013,116716
432909,Prof.,Alexander,R,Nuss,M,alexander.nuss@yahoo.com,6/25/1985,8/27/2007,164118
231853,Mr.,Curt,U,Fiske,M,curt.fiske@aol.com,11/22/1971,7/3/2004,165652
661572,Ms.,Coretta,Z,Middleton,F,coretta.middleton@yahoo.com,6/14/1994,3/30/2017,199828
948317,Mr.,Ned,Y,Tinker,M,ned.tinker@gmail.com,10/27/1961,3/13/2004,170964
193712,Mr.,Santos,Z,Hermes,M,santos.hermes@yahoo.com,2/2/1983,6/8/2011,106570
973966,Ms.,Laveta,R,Hailey,F,laveta.hailey@hotmail.co.uk,4/23/1988,5/28/2013,62709
361667,Mr.,Isiah,F,Cosgrove,M,isiah.cosgrove@gmail.com,1/26/1977,6/22/2013,95415
735400,Hon.,Laraine,X,Roger,F,laraine.roger@gmail.com,12/28/1994,10/19/2016,163928
837020,Ms.,Cruz,M,Gabbard,F,cruz.gabbard@hotmail.com,2/26/1961,5/4/1993,168498
141483,Drs.,Porsha,K,Friedman,F,porsha.friedman@ntlworld.com,12/21/1985,5/29/2011,114464
677909,Mr.,Grant,N,Funk,M,grant.funk@gmail.com,9/29/1957,2/2/2016,67534
330294,Mr.,Cole,Q,Weldon,M,cole.weldon@gmail.com,5/11/1992,1/17/2017,65422
643701,Ms.,Rasheeda,F,Montanez,F,rasheeda.montanez@gmail.com,4/14/1959,10/3/2012,90458
725127,Ms.,Sueann,K,Bronson,F,sueann.bronson@gmail.com,7/13/1970,6/6/1999,69246
915908,Mr.,Daron,Y,Rideout,M,daron.rideout@aol.com,5/4/1987,1/27/2017,121194
982836,Mr.,Alphonso,I,Eyler,M,alphonso.eyler@yahoo.co.uk,1/10/1983,12/9/2016,190419
142023,Mr.,Walton,P,Darr,M,walton.darr@verizon.net,7/13/1966,2/7/2004,177540
751212,Mr.,Jerrell,D,Almond,M,jerrell.almond@aol.com,6/4/1960,9/28/1989,61793
163390,Mr.,Guillermo,M,Karr,M,guillermo.karr@verizon.net,12/30/1958,7/27/1997,62186
152063,Mr.,Omar,X,Wines,M,omar.wines@gmail.com,8/26/1979,4/25/2005,171544
565980,Mr.,Terence,P,Bonney,M,terence.bonney@yahoo.com,11/14/1979,5/23/2002,61859
573308,Hon.,Tifany,E,Paiz,F,tifany.paiz@bellsouth.net,5/25/1967,8/12/2011,165747
304092,Mr.,Josef,P,Howze,M,josef.howze@gmail.com,5/25/1978,8/18/2015,199583
242329,Mr.,Aldo,Z,Nygaard,M,aldo.nygaard@gmail.com,12/14/1958,1/13/1985,51580
758075,Mrs.,Tarra,H,Rawlings,F,tarra.rawlings@yahoo.com,9/14/1984,1/20/2007,65069
608352,Hon.,Donte,T,Hardie,M,donte.hardie@yahoo.com,1/1/1977,12/19/2009,146156
364976,Mr.,Reynaldo,Y,Antonio,M,reynaldo.antonio@comcast.net,6/27/1993,9/23/2016,168238
672740,Drs.,Georgianne,T,Wilk,F,georgianne.wilk@hotmail.com,3/3/1959,6/14/1983,135969
516539,Ms.,Lidia,S,Offutt,F,lidia.offutt@aol.com,5/10/1974,6/12/2009,40850
183872,Mr.,Barton,M,Mcdougall,M,barton.mcdougall@earthlink.net,2/6/1968,1/9/2012,51976
863459,Prof.,Jason,C,Magana,M,jason.magana@gmail.com,11/19/1969,1/23/1994,191285
835494,Mr.,Damian,O,Mccants,M,damian.mccants@aol.com,8/8/1982,12/23/2009,85303
609221,Mrs.,Kaila,T,Silvas,F,kaila.silvas@hotmail.com,7/20/1969,7/24/2005,177417
162987,Mr.,Ned,F,Benavidez,M,ned.benavidez@hotmail.com,4/23/1971,6/5/2005,48568
376851,Mr.,Ramiro,T,Mckissick,M,ramiro.mckissick@yahoo.co.in,4/17/1988,3/23/2012,142641
609770,Ms.,Dorthey,I,Kilgore,F,dorthey.kilgore@gmail.com,2/18/1976,2/5/2014,127837
343033,Hon.,Len,L,Couture,M,len.couture@exxonmobil.com,12/13/1959,4/24/1987,80010
458295,Drs.,Rana,H,Griffey,F,rana.griffey@yahoo.com,7/30/1971,11/27/2002,130201
334027,Prof.,Mary,E,Benge,M,mary.benge@aol.com,3/10/1991,2/19/2014,89502
208947,Mr.,Sean,K,Saldivar,M,sean.saldivar@yahoo.co.uk,8/25/1967,11/23/2004,71978
688950,Ms.,Ninfa,P,Eaddy,F,ninfa.eaddy@hotmail.com,8/17/1962,7/21/2006,133408
434650,Mrs.,Lakesha,B,Mcgough,F,lakesha.mcgough@gmail.com,8/20/1966,6/16/1992,192547
251533,Mrs.,Loura,S,Kittle,F,loura.kittle@hotmail.com,3/7/1958,5/11/1987,74848
250048,Mr.,Cameron,R,Seeger,M,cameron.seeger@earthlink.net,7/30/1968,3/7/1997,118791
518120,Drs.,Dian,J,Otto,F,dian.otto@yahoo.co.in,8/6/1963,8/1/2005,184417
423052,Hon.,Alvaro,K,Cusack,M,alvaro.cusack@aol.com,7/2/1986,2/7/2017,145185
303035,Ms.,Shauna,W,Backus,F,shauna.backus@gmail.com,7/3/1964,3/7/2005,99939
267634,Ms.,Stefany,U,Lalonde,F,stefany.lalonde@shaw.ca,5/31/1993,6/30/2015,114495
171308,Hon.,Dillon,L,Kyser,M,dillon.kyser@gmail.com,4/8/1976,12/1/2007,184374
790094,Ms.,Charleen,Y,Fontanez,F,charleen.fontanez@gmail.com,1/8/1996,7/27/2017,64104
555427,Mr.,Luigi,G,Gaynor,M,luigi.gaynor@cox.net,8/21/1966,1/20/2000,146816
116577,Mr.,Rod,Z,Buller,M,rod.buller@yahoo.com,3/27/1962,2/4/1998,122969
806121,Prof.,Lyle,F,Getz,M,lyle.getz@aol.com,1/4/1983,9/6/2006,71647
340732,Mr.,Dorsey,Z,Anselmo,M,dorsey.anselmo@gmail.com,4/27/1992,5/1/2013,64195
427167,Mr.,Bobbie,C,Runion,M,bobbie.runion@gmail.com,9/8/1977,9/17/2000,80799
708171,Mr.,Johnny,O,Soule,M,johnny.soule@gmail.com,1/22/1993,5/27/2017,78245
410895,Prof.,Marcel,I,Royal,M,marcel.royal@apple.com,7/31/1993,10/13/2015,174140
276627,Mr.,Terry,F,Lebeau,M,terry.lebeau@exxonmobil.com,4/26/1985,6/24/2014,51758
146607,Mrs.,Taylor,W,Williams,F,taylor.williams@shell.com,12/18/1969,7/28/1999,72993
524026,Mr.,Zachariah,H,Coons,M,zachariah.coons@hotmail.com,7/30/1992,11/26/2015,117013
707472,Mr.,Jamal,M,Kiger,M,jamal.kiger@yahoo.ca,9/6/1986,6/23/2010,51781
376697,Mr.,Trevor,E,Noles,M,trevor.noles@comcast.net,3/24/1978,8/22/2006,156998
654775,Mr.,Mason,C,Kenney,M,mason.kenney@gmail.com,6/2/1972,6/29/2001,102784
352172,Ms.,Denise,N,Real,F,denise.real@outlook.com,6/13/1987,7/8/2015,151118
942868,Mr.,Conrad,I,Redd,M,conrad.redd@yahoo.ca,6/3/1968,10/10/2013,99035
733227,Ms.,Trula,J,Slaughter,F,trula.slaughter@gmail.com,1/20/1987,1/4/2011,86524
174813,Mr.,Cornelius,P,Engleman,M,cornelius.engleman@yahoo.com,3/11/1973,2/11/2007,140336
245399,Ms.,Nella,V,Beverly,F,nella.beverly@bp.com,11/23/1987,12/23/2010,120063
792050,Ms.,Marget,V,Bowden,F,marget.bowden@hotmail.com,10/23/1991,7/8/2015,147396
154647,Ms.,Terresa,L,Witter,F,terresa.witter@aol.com,2/17/1982,6/11/2006,115856
781430,Drs.,Marvella,W,Withrow,F,marvella.withrow@shaw.ca,2/1/1978,9/1/1999,49097
257363,Ms.,Concha,Z,Larkins,F,concha.larkins@aol.com,3/15/1968,4/5/2002,123506
816271,Hon.,Gay,V,Keim,F,gay.keim@aol.com,5/4/1981,2/12/2013,187889
123867,Ms.,Hilma,N,Collett,F,hilma.collett@gmail.com,7/20/1985,2/16/2017,41917
970339,Ms.,Violeta,Q,Shaffer,F,violeta.shaffer@gmail.com,1/31/1991,5/21/2017,168297
512033,Mrs.,Maile,S,Vanbuskirk,F,maile.vanbuskirk@charter.net,3/4/1964,11/28/1990,113760
476957,Mrs.,Sima,Q,Clower,F,sima.clower@hotmail.com,5/14/1986,5/20/2017,173570
978834,Ms.,Elba,D,Christmas,F,elba.christmas@gmail.com,9/24/1973,5/6/2013,95538
894372,Mr.,Stewart,W,Gerry,M,stewart.gerry@gmail.com,11/5/1994,2/28/2016,175443
606469,Ms.,Hilary,J,Pape,F,hilary.pape@yahoo.com,9/3/1975,7/13/2015,108298
816261,Mr.,Parker,G,Rice,M,parker.rice@hotmail.com,9/18/1966,1/24/2017,182028
981969,Mr.,Reyes,Y,Fillmore,M,reyes.fillmore@gmail.com,11/12/1974,8/9/1998,133954
710702,Prof.,Stanford,S,Perrine,M,stanford.perrine@gmail.com,3/15/1970,1/5/2009,68827
124710,Drs.,Rheba,F,Council,F,rheba.council@aol.com,2/13/1986,5/29/2011,122245
248736,Mrs.,Joi,N,Hambrick,F,joi.hambrick@btinternet.com,1/27/1968,11/19/2008,137881
945178,Ms.,Tanja,A,Ralph,F,tanja.ralph@hotmail.com,6/16/1971,1/26/2011,153309
928064,Hon.,Horacio,F,Vanhorn,M,horacio.vanhorn@aol.com,8/11/1993,9/21/2014,70023
262772,Ms.,Estefana,N,Dorr,F,estefana.dorr@ibm.com,12/27/1981,7/21/2006,140886
352995,Prof.,Foster,N,Reddy,M,foster.reddy@yahoo.co.in,8/4/1985,6/26/2017,55279
188175,Ms.,Yajaira,M,Menchaca,F,yajaira.menchaca@gmail.com,10/21/1958,6/11/1999,41149
309532,Ms.,Christeen,Q,Patten,F,christeen.patten@comcast.net,10/13/1983,5/8/2005,86382
342543,Mr.,Josh,K,Shook,M,josh.shook@yahoo.com,4/12/1972,5/29/1998,132158
330046,Ms.,Kiesha,R,Tetreault,F,kiesha.tetreault@gmail.com,5/12/1983,2/25/2006,160407
719045,Ms.,Annalee,U,Spalding,F,annalee.spalding@hotmail.com,6/27/1964,6/19/2012,168933
219745,Hon.,Tuan,N,Mcquade,M,tuan.mcquade@gmail.com,1/9/1994,3/21/2015,173541
770109,Mrs.,Latoria,I,Capel,F,latoria.capel@apple.com,1/15/1969,5/12/2014,99159
572739,Mr.,Johnny,L,Dowell,M,johnny.dowell@apple.com,11/6/1991,3/8/2014,93974
970350,Mr.,Shad,E,Bartz,M,shad.bartz@hotmail.com,11/24/1989,7/13/2011,104519
305457,Prof.,Cole,U,Sperling,M,cole.sperling@yahoo.com,11/21/1958,11/7/2005,77914
882981,Mr.,Dana,P,Vela,M,dana.vela@hotmail.com,11/16/1967,9/10/1991,172641
235208,Mr.,Kenton,R,Lansing,M,kenton.lansing@gmail.com,6/27/1971,2/9/2017,73726
424132,Ms.,Catherine,M,Fogel,F,catherine.fogel@gmail.com,9/29/1990,11/15/2012,84676
620543,Mr.,Weldon,C,Aldana,M,weldon.aldana@aol.com,6/30/1986,12/8/2007,99200
575093,Mr.,Lowell,G,Rothstein,M,lowell.rothstein@gmail.com,6/6/1967,11/15/2001,103509
357872,Mr.,Tyson,F,Lai,M,tyson.lai@gmail.com,1/24/1988,9/13/2014,176939
903580,Ms.,Daniella,T,Cowart,F,daniella.cowart@gmail.com,7/5/1974,11/21/1996,127579
417660,Prof.,Darrel,P,Warren,M,darrel.warren@gmail.com,3/31/1988,2/23/2013,72876
366249,Mrs.,Mora,Y,Peak,F,mora.peak@yahoo.com,11/19/1988,5/9/2016,75331
992434,Mrs.,Diana,Q,Sublett,F,diana.sublett@outlook.com,5/24/1959,2/28/1986,142918
975804,Mr.,Kip,Z,Labonte,M,kip.labonte@gmail.com,12/12/1980,2/6/2004,145306
717698,Mr.,Marcel,R,Galbreath,M,marcel.galbreath@bellsouth.net,3/5/1971,7/24/2015,152704
804896,Mr.,Vance,Q,Pickle,M,vance.pickle@apple.com,7/10/1978,4/21/2015,116827
326883,Mr.,Abe,E,Nielson,M,abe.nielson@ibm.com,7/31/1986,5/1/2009,175502
354618,Mrs.,Felicitas,A,Amaral,F,felicitas.amaral@btinternet.com,8/26/1984,2/9/2016,96343
879215,Mr.,Lou,E,Elbert,M,lou.elbert@shaw.ca,6/11/1979,12/29/2008,193223
315351,Mrs.,Aaron,U,Leith,F,aaron.leith@hotmail.com,2/4/1983,4/17/2010,194374
254936,Ms.,Ellis,A,Coulter,F,ellis.coulter@gmail.com,10/10/1983,6/14/2015,185559
969981,Ms.,Edie,R,Tullis,F,edie.tullis@sbcglobal.net,6/30/1992,7/4/2014,178086
723449,Ms.,Zenobia,T,Roper,F,zenobia.roper@yahoo.com,12/16/1957,7/8/2015,132255
378354,Mrs.,Trista,M,Reynoso,F,trista.reynoso@gmail.com,6/17/1974,5/2/2001,184503
612152,Mrs.,Tamala,X,Boardman,F,tamala.boardman@yahoo.co.in,6/27/1970,10/15/1994,193491
259663,Mrs.,Tana,K,Priest,F,tana.priest@msn.com,2/28/1985,12/13/2008,99330
214862,Prof.,Tanner,P,Roark,M,tanner.roark@gmail.com,9/23/1966,12/29/1991,93404
267180,Ms.,Leonore,H,Witcher,F,leonore.witcher@gmail.com,12/22/1985,5/3/2009,46405
745371,Drs.,Kacey,W,Cobos,F,kacey.cobos@aol.com,2/21/1974,2/3/2005,131728
683138,Mr.,Francesco,T,Borst,M,francesco.borst@gmail.com,8/10/1975,3/25/2004,152782
252814,Mrs.,Charles,E,Toliver,F,charles.toliver@gmail.com,6/28/1966,11/16/2005,48555
894859,Drs.,Rena,T,Herbst,F,rena.herbst@btinternet.com,2/5/1976,9/23/1997,194427
415500,Mr.,Cletus,C,Schnell,M,cletus.schnell@rediffmail.com,8/13/1971,3/21/1994,167234
791024,Mrs.,Jonnie,N,Campion,F,jonnie.campion@verizon.net,7/31/1989,6/10/2011,87553
129894,Mrs.,Yvone,O,Evans,F,yvone.evans@yahoo.com,2/8/1994,2/15/2015,160376
883627,Ms.,Jacque,V,Redden,F,jacque.redden@bellsouth.net,10/16/1964,7/9/2006,150569
922506,Dr.,Felix,M,Ball,M,felix.ball@earthlink.net,9/3/1986,3/15/2014,104003
738973,Mrs.,Cassaundra,V,Radcliff,F,cassaundra.radcliff@gmail.com,3/9/1968,2/10/2005,101660
545810,Mr.,Alden,Q,Vetter,M,alden.vetter@shaw.ca,3/5/1987,4/23/2014,44810
856582,Ms.,Clarissa,V,Grimaldi,F,clarissa.grimaldi@aol.com,1/24/1975,8/6/2013,116990
230418,Mr.,Marco,V,Brandt,M,marco.brandt@charter.net,7/17/1992,9/22/2016,105560
912676,Ms.,Johanne,Q,Self,F,johanne.self@yahoo.com,3/27/1982,8/4/2013,114528
621275,Mr.,Johnny,W,Macedo,M,johnny.macedo@bellsouth.net,6/1/1959,8/7/2016,153590
840474,Mr.,Chung,N,Houghton,M,chung.houghton@aol.com,7/5/1974,11/10/2006,188505
758997,Mr.,Aaron,W,Towery,M,aaron.towery@yahoo.ca,5/13/1970,1/23/2002,177462
775074,Ms.,Janel,K,Goodnight,F,janel.goodnight@gmail.com,11/30/1978,12/22/2002,199487
467455,Ms.,Katherin,D,Holley,F,katherin.holley@hotmail.com,3/9/1981,2/5/2003,156723
557360,Ms.,Luetta,I,Holmquist,F,luetta.holmquist@gmail.com,9/24/1972,12/1/2005,85083
508729,Ms.,Jacquie,D,Wheat,F,jacquie.wheat@hotmail.com,8/29/1967,12/7/1998,169797
602483,Mr.,Tony,C,Bullins,M,tony.bullins@gmail.com,2/27/1996,5/10/2017,96272
422077,Prof.,Peter,W,Perron,M,peter.perron@hotmail.com,2/13/1965,6/3/1990,85000
827390,Mrs.,Hannelore,X,Easley,F,hannelore.easley@hotmail.com,11/26/1962,11/17/2011,44352
408055,Ms.,Kenia,G,Cousin,F,kenia.cousin@hotmail.com,11/28/1961,11/22/2012,139683
776250,Dr.,Dick,J,Marciano,M,dick.marciano@rediffmail.com,3/28/1987,7/23/2015,43526
507766,Ms.,Sindy,M,Dorton,F,sindy.dorton@aol.com,6/6/1958,2/10/1982,72494
749361,Ms.,Lucile,D,Nail,F,lucile.nail@gmail.com,3/18/1980,7/14/2005,154097
327255,Ms.,Stacee,N,Harold,F,stacee.harold@apple.com,1/4/1958,4/26/1981,113772
407756,Mr.,Wilson,Y,Schneider,M,wilson.schneider@comcast.net,3/6/1996,3/23/2017,51299
112596,Mr.,Romeo,Z,Thompson,M,romeo.thompson@gmail.com,7/12/1967,9/16/2013,139059
436825,Mrs.,Ka,C,Wagstaff,F,ka.wagstaff@aol.com,6/13/1965,7/14/2013,44754
647893,Mr.,Derek,N,Andre,M,derek.andre@hotmail.com,10/7/1968,6/3/2002,50744
630086,Ms.,Carole,M,Caceres,F,carole.caceres@aol.com,5/6/1982,7/10/2006,173545
559538,Prof.,Maxwell,W,Bucci,M,maxwell.bucci@aol.com,7/6/1977,10/19/2001,172829
420869,Mr.,Alva,I,Parson,M,alva.parson@yahoo.com,5/21/1979,6/15/2008,61921
498930,Mr.,Genaro,K,Hitchcock,M,genaro.hitchcock@gmail.com,6/2/1995,12/7/2016,163814
111914,Mr.,Hipolito,I,Gooden,M,hipolito.gooden@aol.com,11/7/1995,4/24/2017,180626
787014,Ms.,Aurea,F,Crowe,F,aurea.crowe@msn.com,8/28/1971,1/2/2012,112720
386226,Hon.,Danial,P,Worth,M,danial.worth@microsoft.com,5/22/1988,8/16/2010,78849
659500,Prof.,Oswaldo,U,Poynter,M,oswaldo.poynter@hotmail.com,3/1/1969,8/9/2013,163225
571393,Ms.,Mahalia,X,Cooney,F,mahalia.cooney@gmail.com,3/5/1963,5/28/2003,71808
362788,Prof.,Pete,G,Pettus,M,pete.pettus@shell.com,11/14/1989,7/26/2011,170930
796275,Mrs.,Shu,L,Cooke,F,shu.cooke@gmail.com,11/18/1961,8/21/2009,108947
461689,Mr.,Brooks,R,Linden,M,brooks.linden@microsoft.com,7/18/1965,2/18/1997,138751
956711,Ms.,Katerine,B,Lyle,F,katerine.lyle@btinternet.com,6/29/1979,9/7/2003,147767
942295,Hon.,Shani,S,Atchison,F,shani.atchison@aol.com,4/12/1992,5/28/2016,135436
295818,Ms.,Hermine,P,Rangel,F,hermine.rangel@msn.com,10/4/1969,9/23/2002,158279
248866,Mrs.,Marg,W,Cooley,F,marg.cooley@hotmail.com,1/20/1990,7/6/2017,42200
737757,Mr.,Nestor,T,Lepore,M,nestor.lepore@yahoo.com,5/17/1977,8/26/2001,163082
838089,Mr.,Sebastian,Y,Cannon,M,sebastian.cannon@gmail.com,8/28/1995,6/10/2017,152499
447193,Mr.,Henry,A,Cotton,M,henry.cotton@ibm.com,1/17/1968,11/4/1990,118066
500688,Mrs.,Merlyn,G,Cullum,F,merlyn.cullum@hotmail.com,9/3/1958,11/7/2008,169912
753344,Ms.,Azalee,C,Mccollough,F,azalee.mccollough@earthlink.net,2/20/1980,12/12/2004,118739
478177,Mr.,Aubrey,B,Bravo,M,aubrey.bravo@gmail.com,12/16/1975,3/27/2014,109160
910827,Mrs.,Roselle,Q,Janssen,F,roselle.janssen@gmail.com,4/7/1974,7/2/2012,177184
291425,Prof.,Haywood,U,Newland,M,haywood.newland@gmail.com,3/4/1990,5/25/2011,85252
725097,Drs.,Esmeralda,L,Lander,F,esmeralda.lander@gmail.com,6/3/1965,11/14/2004,134631
975460,Hon.,Tammie,E,Haas,F,tammie.haas@rediffmail.com,10/15/1965,3/28/2007,175742
181350,Mr.,Kendrick,D,Crump,M,kendrick.crump@hotmail.com,1/6/1970,1/18/2004,154667
414971,Hon.,Shaniqua,J,Coffin,F,shaniqua.coffin@gmail.com,11/25/1957,6/23/1980,141123
549122,Mrs.,Deetta,Z,Beckman,F,deetta.beckman@outlook.com,8/16/1962,3/7/2000,42057
252734,Prof.,Joe,C,Nunnally,M,joe.nunnally@gmail.com,12/2/1995,3/20/2017,108346
990368,Hon.,Alexander,Z,Fleury,F,alexander.fleury@yahoo.co.in,6/5/1959,4/15/1995,152205
509833,Ms.,Rosia,G,Hough,F,rosia.hough@shell.com,12/24/1976,3/20/2006,162456
921002,Ms.,Vickie,I,Roman,F,vickie.roman@bellsouth.net,6/14/1994,11/14/2016,136222
945471,Prof.,Lenard,I,Robison,M,lenard.robison@ibm.com,11/19/1958,7/6/1980,191360
820359,Ms.,Letha,V,Hardnett,F,letha.hardnett@cox.net,8/25/1988,3/12/2013,126642
850806,Mr.,Marlin,H,Caines,M,marlin.caines@aol.com,1/20/1995,2/14/2017,88714
627466,Mr.,Brady,M,Pellegrini,M,brady.pellegrini@yahoo.com,6/22/1979,1/18/2016,48737
749038,Mr.,Sam,B,Barber,M,sam.barber@earthlink.net,3/29/1979,3/7/2004,139947
418556,Ms.,Shana,C,Jimerson,F,shana.jimerson@gmail.com,6/18/1970,8/14/2013,142481
807302,Mr.,Del,E,Grenier,M,del.grenier@hotmail.com,9/7/1967,4/15/2012,176391
282502,Mr.,Williams,D,Vandyke,M,williams.vandyke@ntlworld.com,6/14/1985,11/23/2011,60120
765920,Mrs.,Aretha,S,Reimers,F,aretha.reimers@aol.com,5/8/1965,9/26/2006,122556
977503,Ms.,Sidney,T,Shelley,F,sidney.shelley@exxonmobil.com,8/6/1976,3/6/2009,184381
190573,Mrs.,Emelda,U,Leos,F,emelda.leos@yahoo.com,10/6/1994,10/12/2016,121513
952352,Mrs.,Dionna,Y,Alsup,F,dionna.alsup@hotmail.com,1/10/1976,7/30/2011,52295
741830,Ms.,Kati,K,Bush,F,kati.bush@hotmail.com,8/30/1979,5/1/2017,63414
648949,Dr.,Fausto,I,Baca,M,fausto.baca@gmail.com,5/20/1984,3/13/2016,169655
823155,Mr.,Donovan,E,Poore,M,donovan.poore@aol.com,3/24/1989,5/1/2011,142135
336072,Mr.,Brenton,M,Hornback,M,brenton.hornback@hotmail.com,1/28/1986,1/23/2011,101091
746267,Mrs.,Marilou,Z,Greenhaw,F,marilou.greenhaw@gmail.com,5/6/1985,8/19/2012,105034
168840,Ms.,Jacquelin,L,Whetstone,F,jacquelin.whetstone@gmail.com,3/17/1974,8/31/2012,160775
330537,Hon.,Antione,M,Shelton,M,antione.shelton@gmail.com,5/13/1969,7/30/2008,180847
723865,Mr.,Ahmed,X,Busse,M,ahmed.busse@yahoo.co.in,4/28/1985,2/9/2010,148746
408626,Dr.,Waylon,C,Crutcher,M,waylon.crutcher@yahoo.com,9/21/1982,7/13/2015,150704
704550,Ms.,Ina,F,Merrill,F,ina.merrill@gmail.com,12/13/1987,7/25/2013,137867
377270,Mr.,Willis,D,Patel,M,willis.patel@apple.com,5/18/1961,7/13/2003,107266
288745,Drs.,Jewell,J,Gustin,F,jewell.gustin@gmail.com,10/7/1975,1/5/2016,196401
154308,Mr.,Philip,P,Healey,M,philip.healey@aol.com,10/12/1989,6/3/2017,86997
146541,Mr.,Lowell,C,Pfeiffer,M,lowell.pfeiffer@microsoft.com,8/3/1992,5/9/2014,131214
903078,Mr.,Willis,M,Wilfong,M,willis.wilfong@aol.com,11/28/1979,3/25/2006,120545
600427,Mr.,Kent,L,Deacon,M,kent.deacon@gmail.com,3/12/1972,7/3/2005,56604
885277,Mr.,Javier,F,Cofield,M,javier.cofield@gmail.com,9/13/1983,3/1/2007,46266
288920,Mr.,Patrick,B,Macpherson,M,patrick.macpherson@bellsouth.net,8/25/1977,11/6/1999,73756
803414,Mr.,Toney,N,Larue,M,toney.larue@exxonmobil.com,7/20/1969,7/1/2006,71863
139218,Ms.,Yoshie,T,Schubert,F,yoshie.schubert@aol.com,9/10/1982,12/14/2016,105814
327282,Mr.,Titus,J,Jarmon,M,titus.jarmon@msn.com,4/29/1959,12/18/1994,69147
898886,Mrs.,Elanor,V,Tedford,F,elanor.tedford@gmail.com,8/28/1974,5/24/2000,173589
610018,Mr.,Marlon,W,Stackhouse,M,marlon.stackhouse@gmail.com,4/6/1980,5/6/2002,106935
476569,Mr.,Darren,X,Emery,M,darren.emery@aol.com,3/1/1989,5/27/2011,156889
265967,Mr.,Roger,J,Kuehl,M,roger.kuehl@microsoft.com,8/16/1987,2/24/2014,127056
230617,Ms.,Nubia,N,Messick,F,nubia.messick@hotmail.com,9/24/1959,4/1/2017,46464
949245,Mr.,Julian,C,Minton,M,julian.minton@yahoo.co.in,12/20/1991,8/17/2016,68503
233411,Hon.,Pat,W,Cintron,M,pat.cintron@yahoo.com,10/24/1966,4/12/2004,131597
671873,Mrs.,Raymond,V,Ruffin,F,raymond.ruffin@gmail.com,5/4/1962,12/29/2001,184690
205824,Mr.,Reid,I,Colson,M,reid.colson@gmail.com,12/24/1989,3/19/2014,128291
333736,Dr.,Glenn,E,Mondragon,M,glenn.mondragon@outlook.com,1/6/1973,10/12/2010,58844
816265,Hon.,Luigi,F,Brady,M,luigi.brady@gmail.com,7/31/1981,8/4/2010,133112
269881,Drs.,Lettie,G,Doyon,F,lettie.doyon@aol.com,4/12/1970,5/23/2017,142527
260977,Hon.,Harriet,W,Campo,F,harriet.campo@yahoo.co.in,2/25/1989,10/13/2010,87632
287417,Mrs.,Larraine,I,Kline,F,larraine.kline@gmail.com,8/18/1977,4/24/2001,82265
820022,Ms.,Carolin,Y,Hensel,F,carolin.hensel@shell.com,10/13/1975,11/4/1997,78514
886433,Ms.,Cordelia,Z,Mather,F,cordelia.mather@hotmail.com,12/31/1959,5/29/1996,139326
305635,Mr.,Federico,F,Jacinto,M,federico.jacinto@microsoft.com,12/25/1961,7/23/2014,158211
914943,Mrs.,Aida,W,Yocum,F,aida.yocum@gmail.com,7/3/1970,6/8/1999,47602
430715,Dr.,Teodoro,K,Verdugo,M,teodoro.verdugo@yahoo.com,6/23/1982,4/24/2004,171291
463424,Mr.,Jamel,F,Belknap,M,jamel.belknap@gmail.com,2/27/1995,10/4/2016,94630
347449,Prof.,Chauncey,T,Arenas,M,chauncey.arenas@yahoo.com,9/21/1974,10/22/2003,111401
248921,Dr.,Michal,U,Freeland,M,michal.freeland@gmail.com,3/24/1963,2/14/2011,130726
717193,Drs.,Clair,O,Battles,F,clair.battles@gmail.com,1/16/1989,4/9/2010,133834
516533,Ms.,Kenyatta,P,Radford,F,kenyatta.radford@hotmail.com,3/14/1962,2/28/1992,91260
339380,Prof.,Sonny,S,Berner,M,sonny.berner@yahoo.com,9/24/1979,4/9/2011,188738
930464,Mr.,Rudy,X,Woodcock,M,rudy.woodcock@cox.net,10/18/1994,1/17/2016,57036
478338,Drs.,Bonita,G,Philpot,F,bonita.philpot@gmail.com,8/29/1995,1/24/2017,79941
482447,Mrs.,Annie,Q,Yoon,F,annie.yoon@rediffmail.com,8/3/1979,7/27/2005,157820
249147,Drs.,Luanne,O,Mcgaha,F,luanne.mcgaha@yahoo.com,11/19/1990,7/3/2012,154410
223080,Mr.,Mark,W,Reid,M,mark.reid@gmail.com,3/13/1995,6/23/2016,183966
423623,Mr.,Daren,D,Najera,M,daren.najera@microsoft.com,10/16/1995,1/13/2017,147319
288302,Hon.,Deloras,T,Benavides,F,deloras.benavides@aol.com,7/31/1988,12/25/2013,91194
350894,Prof.,Elmer,B,Koller,M,elmer.koller@gmail.com,2/16/1986,5/18/2007,147763
693231,Ms.,Mittie,D,Leonardo,F,mittie.leonardo@exxonmobil.com,10/15/1960,1/2/2010,63475
464777,Mr.,Albert,N,Lindsey,M,albert.lindsey@yahoo.com,9/13/1995,4/12/2017,170079
476689,Ms.,Christie,J,Benedetto,F,christie.benedetto@aol.com,7/28/1967,4/5/1994,119049
850186,Hon.,Francesco,Y,Dunleavy,M,francesco.dunleavy@aol.com,12/7/1965,5/13/2012,135800
668661,Mrs.,Karoline,D,Twomey,F,karoline.twomey@yahoo.com,10/24/1973,9/21/1995,84560
785231,Mr.,Zachery,O,Hanna,M,zachery.hanna@gmail.com,12/15/1994,12/19/2015,191237
775092,Mr.,Romeo,J,Bazemore,M,romeo.bazemore@charter.net,7/29/1990,10/1/2011,162332
842348,Ms.,Alethea,X,Easterling,F,alethea.easterling@ntlworld.com,10/19/1972,10/1/2011,45677
918956,Mrs.,Ina,X,Straub,F,ina.straub@gmail.com,1/1/1988,4/2/2009,115747
465118,Mr.,Jude,T,Harman,M,jude.harman@gmail.com,12/4/1966,2/7/2015,55218
665336,Drs.,Irish,O,Gaona,F,irish.gaona@gmail.com,11/15/1973,11/22/1994,97771
159681,Hon.,Agnus,J,Freeze,F,agnus.freeze@gmail.com,10/21/1993,8/12/2015,97212
891653,Hon.,Marshall,U,Johanson,M,marshall.johanson@yahoo.co.in,1/1/1965,9/4/1992,107590
772938,Mr.,Aldo,P,Mcnamara,M,aldo.mcnamara@gmail.com,3/20/1995,10/18/2016,160352
175253,Mrs.,Lynda,S,Emanuel,F,lynda.emanuel@ntlworld.com,5/3/1968,10/23/2008,60376
552022,Ms.,Tarra,A,Cornejo,F,tarra.cornejo@aol.com,2/5/1980,10/16/2012,55372
503907,Dr.,Doyle,N,Kline,M,doyle.kline@gmail.com,10/31/1971,9/20/2015,95178
679449,Drs.,Pamela,O,Carey,F,pamela.carey@gmail.com,5/4/1981,4/6/2012,171376
892570,Mr.,Bruno,S,Raymond,M,bruno.raymond@sbcglobal.net,1/13/1984,5/5/2015,145939
867301,Prof.,Cyril,K,Weidman,M,cyril.weidman@charter.net,4/22/1983,4/13/2011,122787
378602,Mr.,Darell,I,Ezell,M,darell.ezell@yahoo.com,6/25/1966,9/3/2014,80631
593775,Mr.,Darrell,J,Collum,M,darrell.collum@hotmail.co.uk,1/8/1976,5/13/2000,171931
978801,Dr.,Rex,W,Sell,M,rex.sell@gmail.com,9/27/1970,6/21/2011,153531
454311,Mrs.,Juan,R,Tynes,F,juan.tynes@yahoo.com,2/26/1980,9/17/2001,112237
524907,Ms.,Fleta,R,Steinberg,F,fleta.steinberg@aol.com,5/2/1973,4/2/2012,115599
988411,Mr.,Mohammad,G,Butts,M,mohammad.butts@outlook.com,10/21/1964,4/11/2004,97067
183132,Mrs.,Joselyn,P,Brotherton,F,joselyn.brotherton@gmail.com,4/30/1993,5/20/2014,168006
121050,Mr.,Geoffrey,P,Throckmorton,M,geoffrey.throckmorton@gmail.com,11/26/1969,1/20/2012,99164
129942,Mr.,Len,W,Schoonmaker,M,len.schoonmaker@apple.com,9/16/1985,8/3/2012,103763
357551,Ms.,Katina,W,Polite,F,katina.polite@hotmail.com,7/13/1965,7/29/1987,165739
634089,Hon.,Catherin,G,Sherwood,F,catherin.sherwood@comcast.net,6/10/1978,11/23/2012,62498
648605,Mr.,Wilburn,C,Grabowski,M,wilburn.grabowski@gmail.com,10/30/1993,2/26/2015,154164
239334,Mr.,Grady,D,Merino,M,grady.merino@gmail.com,5/10/1985,9/10/2007,123337
508758,Ms.,Maria,E,Kindle,F,maria.kindle@gmail.com,11/4/1969,7/29/2008,73307
742316,Mr.,Rufus,K,Wisner,M,rufus.wisner@aol.com,10/23/1967,12/9/1994,160924
638376,Dr.,Arnold,Q,Adames,M,arnold.adames@yahoo.com,11/5/1959,6/8/2003,115486
437773,Prof.,Trey,U,Satterfield,M,trey.satterfield@msn.com,12/9/1961,9/20/2010,149564
521297,Ms.,Deidra,P,Benefield,F,deidra.benefield@sbcglobal.net,9/9/1962,1/16/1988,144041
881132,Hon.,Carmina,C,Puryear,F,carmina.puryear@aol.com,11/8/1981,3/11/2008,180482
803741,Dr.,Prince,C,Metzger,M,prince.metzger@hotmail.com,10/10/1973,12/8/2008,41541
196234,Mr.,Reinaldo,Z,Michalski,M,reinaldo.michalski@msn.com,7/4/1971,11/20/2011,137219
704466,Ms.,Liane,M,Lucio,F,liane.lucio@microsoft.com,10/10/1980,5/30/2003,123613
400418,Mr.,Orval,O,Million,M,orval.million@hotmail.com,3/20/1961,6/5/1991,134148
483949,Mr.,Hollis,Y,Byars,M,hollis.byars@ibm.com,2/10/1969,1/14/2011,63392
441419,Ms.,Zoe,E,Flagg,F,zoe.flagg@outlook.com,2/3/1961,9/29/2003,143110
555933,Mr.,Murray,U,Heaton,M,murray.heaton@yahoo.com,3/2/1976,1/29/2013,91603
196061,Hon.,Porfirio,Z,Coan,M,porfirio.coan@aol.com,2/16/1981,8/17/2011,153184
602446,Mr.,Stephen,M,Pelham,M,stephen.pelham@gmail.com,5/3/1960,8/19/1996,117261
902984,Mr.,Alva,J,Menke,M,alva.menke@outlook.com,2/4/1983,8/13/2014,168575
497844,Mrs.,Alvina,G,Spurling,F,alvina.spurling@yahoo.com,8/31/1991,6/5/2014,133999
168288,Mr.,Cornell,W,Bussard,M,cornell.bussard@yahoo.com,2/3/1959,6/18/1990,189631
625217,Ms.,Na,J,Napoli,F,na.napoli@gmail.com,6/19/1984,7/9/2008,197024
349646,Hon.,Gerardo,G,Kovacs,M,gerardo.kovacs@shell.com,11/21/1980,2/10/2004,41981
279602,Mr.,Brad,F,Hammon,M,brad.hammon@gmail.com,5/31/1985,10/4/2012,55692
457780,Ms.,Neoma,H,Damico,F,neoma.damico@hotmail.com,3/2/1986,10/29/2014,78809
185778,Hon.,Wen,O,Underwood,F,wen.underwood@ibm.com,8/18/1964,1/24/2007,166714
603074,Ms.,Nicholle,V,Bostick,F,nicholle.bostick@aol.com,3/30/1964,7/30/1999,141232
269534,Mrs.,Rhona,K,Engleman,F,rhona.engleman@sbcglobal.net,5/3/1967,6/10/1992,92981
237333,Mr.,Emile,L,Scala,M,emile.scala@yahoo.ca,9/8/1995,3/27/2017,121824
932405,Drs.,Ida,I,Vining,F,ida.vining@gmail.com,6/4/1963,4/15/1996,93021
996223,Mr.,Trenton,A,Napoleon,M,trenton.napoleon@gmail.com,10/24/1989,5/18/2016,76256
302112,Mr.,Jonas,K,Dabbs,M,jonas.dabbs@earthlink.net,8/14/1979,3/8/2006,66072
281307,Dr.,Keenan,S,Pitt,M,keenan.pitt@aol.com,8/16/1977,9/9/2002,108060
597574,Mr.,Alvin,Q,Bogan,M,alvin.bogan@gmail.com,7/13/1968,11/26/2010,137791
164995,Ms.,Nella,W,Ramsdell,F,nella.ramsdell@gmail.com,10/2/1985,2/15/2010,131518
525178,Ms.,Natasha,W,Sheehy,F,natasha.sheehy@charter.net,4/26/1960,11/3/1995,171576
423958,Mr.,Lyman,T,Posner,M,lyman.posner@gmail.com,2/6/1959,7/14/2014,137682
622962,Drs.,Kaley,Q,Neese,F,kaley.neese@hotmail.com,3/7/1990,12/27/2014,170525
728804,Mrs.,Lauran,Q,Weiss,F,lauran.weiss@gmail.com,2/2/1966,2/24/1997,188512
691607,Mr.,Jimmie,K,Dineen,M,jimmie.dineen@microsoft.com,9/18/1957,3/2/1984,55009
795549,Mr.,Alphonso,V,Confer,M,alphonso.confer@gmail.com,11/22/1984,2/11/2015,44138
673338,Mrs.,Merlene,P,Guilford,F,merlene.guilford@gmail.com,9/4/1963,11/10/1995,60881
860013,Mrs.,Kanisha,L,Twitty,F,kanisha.twitty@msn.com,4/3/1972,10/28/1997,128262
562086,Hon.,Steven,G,Hedrick,F,steven.hedrick@gmail.com,11/27/1993,10/28/2015,163297
614016,Ms.,Skye,N,Cardwell,F,skye.cardwell@shell.com,1/10/1981,5/5/2002,136658
483781,Mr.,Granville,V,Burks,M,granville.burks@aol.com,10/18/1963,12/23/2008,171175
297825,Mr.,Oscar,Z,Babineaux,M,oscar.babineaux@earthlink.net,8/24/1975,12/11/2008,113826
530117,Mr.,Curtis,A,Obregon,M,curtis.obregon@gmail.com,5/11/1967,3/10/1998,97269
754412,Mrs.,Prudence,O,Lollis,F,prudence.lollis@aol.com,2/22/1969,6/5/2002,62749
151350,Ms.,Michaela,G,Forney,F,michaela.forney@yahoo.com,5/27/1990,3/29/2013,128877
362173,Prof.,Jeramy,N,Sprague,M,jeramy.sprague@gmail.com,1/22/1975,9/1/1998,112791
691456,Mr.,Giovanni,J,Tsai,M,giovanni.tsai@walmart.com,3/17/1984,8/16/2010,44161
318355,Mr.,Val,Z,Drain,M,val.drain@apple.com,1/19/1969,4/15/1991,110705
648974,Mr.,Bill,T,Phipps,M,bill.phipps@gmail.com,12/13/1987,11/10/2015,199113
634275,Ms.,Cherlyn,D,Stagner,F,cherlyn.stagner@hotmail.com,3/21/1977,3/3/2013,99777
135784,Dr.,Truman,N,Chee,M,truman.chee@comcast.net,12/30/1987,4/9/2013,170118
536802,Ms.,Nelda,O,Perrine,F,nelda.perrine@aol.com,4/2/1979,9/2/2007,152096
117115,Drs.,Dania,B,Tolson,F,dania.tolson@hotmail.com,11/16/1981,5/30/2014,137167
303855,Mrs.,Rosia,J,Woodley,F,rosia.woodley@yahoo.com,4/8/1977,4/1/2006,138935
905040,Mr.,Rocky,O,Hillman,M,rocky.hillman@hotmail.com,1/5/1974,8/6/2003,52685
895049,Ms.,Trinity,K,Gehring,F,trinity.gehring@yahoo.com,5/29/1996,6/16/2017,64275
155436,Hon.,Gus,X,Schall,M,gus.schall@aol.com,3/10/1981,1/20/2003,160979
627477,Ms.,Elena,W,Adames,F,elena.adames@ibm.com,4/9/1978,12/5/2004,186445
618418,Mr.,Jacinto,D,Thornton,M,jacinto.thornton@outlook.com,11/2/1969,2/20/2003,73320
813291,Ms.,Madlyn,W,Pace,F,madlyn.pace@hotmail.com,11/18/1995,1/8/2017,192880
781136,Mrs.,Emiko,I,Lange,F,emiko.lange@gmail.com,12/15/1958,2/14/1987,43644
497991,Mr.,Riley,K,Edmunds,M,riley.edmunds@yahoo.co.in,9/21/1971,1/1/2008,93020
430704,Mr.,Dana,K,Brent,M,dana.brent@yahoo.com,11/11/1976,6/8/2000,129883
660505,Ms.,Valorie,R,Pettway,F,valorie.pettway@gmail.com,3/3/1990,10/7/2014,94323
942836,Mr.,Dominick,E,Alaniz,M,dominick.alaniz@yahoo.com,9/25/1988,11/28/2009,165914
236198,Mr.,Erwin,E,Carreon,M,erwin.carreon@hotmail.com,1/4/1996,7/2/2017,126405
768384,Mr.,Scot,I,Bettis,M,scot.bettis@gmail.com,10/10/1989,10/25/2012,149142
323898,Ms.,Isis,J,Sun,F,isis.sun@comcast.net,6/18/1970,2/3/2006,198305
145582,Hon.,Xenia,A,Mcgehee,F,xenia.mcgehee@bp.com,3/21/1991,1/26/2013,48697
271405,Dr.,Shelby,I,Seibel,M,shelby.seibel@gmail.com,1/5/1961,9/20/2000,93875
843535,Prof.,Boyd,B,Holly,M,boyd.holly@gmail.com,1/29/1977,7/23/2015,159271
667240,Dr.,Jewel,U,Vela,M,jewel.vela@aol.com,2/5/1965,11/7/2002,150301
298066,Mr.,Arthur,E,Carvalho,M,arthur.carvalho@yahoo.com,8/5/1987,10/29/2012,125559
933094,Mr.,Odis,T,Poor,M,odis.poor@aol.com,6/4/1979,3/9/2007,104737
167712,Ms.,Akiko,P,Vanegas,F,akiko.vanegas@yahoo.com,7/14/1978,12/9/2005,82349
766973,Ms.,Cuc,F,Marron,F,cuc.marron@gmail.com,2/5/1981,11/13/2008,74073
670958,Mrs.,Martine,A,Boden,F,martine.boden@gmail.com,2/9/1963,12/1/2003,195219
687031,Drs.,Maybelle,Y,Branson,F,maybelle.branson@sbcglobal.net,6/12/1996,6/17/2017,92828
288062,Mr.,Dean,V,Fenner,M,dean.fenner@hotmail.com,9/22/1968,6/16/1993,46863
703882,Mrs.,Marcelle,H,Hassett,F,marcelle.hassett@gmail.com,9/7/1984,2/28/2010,114162
188574,Ms.,Reynalda,S,Boling,F,reynalda.boling@walmart.com,7/9/1964,1/5/1999,154054
815823,Mr.,Stanford,M,Nave,M,stanford.nave@comcast.net,3/18/1965,8/4/1987,179019
523434,Ms.,Cory,S,Freed,F,cory.freed@apple.com,7/4/1993,2/13/2015,100207
132534,Ms.,Delphine,M,Chan,F,delphine.chan@hotmail.com,9/27/1959,1/27/1984,178390
831655,Mr.,Prince,V,Pabon,M,prince.pabon@gmail.com,9/9/1963,4/14/2005,128597
543914,Mr.,Keenan,J,Irvin,M,keenan.irvin@aol.com,3/5/1983,8/29/2016,113708
144930,Ms.,Creola,S,Stapleton,F,creola.stapleton@yahoo.com,8/1/1994,9/3/2016,121178
628504,Mr.,Marvin,T,Gilliam,M,marvin.gilliam@hotmail.com,4/6/1966,3/17/2001,40359
595698,Dr.,Norberto,N,Core,M,norberto.core@gmail.com,12/20/1993,4/27/2015,168039
384816,Mrs.,Cristine,Y,Brasher,F,cristine.brasher@gmail.com,10/30/1960,9/30/1990,199329
778692,Mr.,Glen,L,Benavides,M,glen.benavides@gmail.com,11/29/1984,10/28/2013,92481
257819,Mr.,Miles,M,Dolan,M,miles.dolan@yahoo.co.in,12/29/1964,3/21/1986,121957
893734,Hon.,Lawrence,V,Whittier,M,lawrence.whittier@charter.net,11/4/1974,3/3/2010,136724
377211,Hon.,Erinn,T,Trejo,F,erinn.trejo@yahoo.co.uk,12/27/1991,4/2/2014,172842
142003,Mr.,Sebastian,T,Ives,M,sebastian.ives@gmail.com,4/1/1990,11/24/2011,93229
813068,Dr.,Jeff,L,Wynne,M,jeff.wynne@yahoo.com,10/20/1992,4/14/2015,75847
847996,Drs.,Gerda,K,Millican,F,gerda.millican@gmail.com,4/1/1965,11/19/1990,126655
321066,Mr.,Gerard,Y,Peters,M,gerard.peters@gmail.com,6/27/1983,6/20/2013,48243
223850,Dr.,Wendell,W,Teixeira,M,wendell.teixeira@hotmail.com,8/30/1990,10/4/2016,171438
160624,Hon.,Anastasia,K,Barta,F,anastasia.barta@gmail.com,4/12/1987,11/20/2016,127977
692696,Dr.,Weldon,B,Kasten,M,weldon.kasten@hotmail.com,3/13/1988,12/31/2011,109991
235966,Prof.,Mel,R,Marlin,M,mel.marlin@gmail.com,7/3/1986,11/11/2007,199059
576589,Hon.,Loria,T,Colwell,F,loria.colwell@gmail.com,1/7/1979,1/10/2000,96533
810091,Mr.,Randall,P,Hagler,M,randall.hagler@gmail.com,2/23/1962,9/3/1984,60076
954582,Mr.,Buster,B,Sternberg,M,buster.sternberg@aol.com,4/20/1972,7/13/1998,111544
152782,Mr.,Wallace,Z,Madrigal,M,wallace.madrigal@microsoft.com,3/5/1982,3/17/2007,40843
718719,Hon.,Sol,Z,Mosely,F,sol.mosely@gmail.com,6/16/1980,11/2/2002,111843
928189,Mrs.,Audry,T,Rudy,F,audry.rudy@yahoo.co.in,10/7/1987,2/13/2016,152155
966824,Mrs.,Sueann,L,Wyatt,F,sueann.wyatt@aol.com,2/23/1966,11/10/2003,101287
127558,Mr.,Chi,S,Ford,M,chi.ford@gmail.com,1/19/1979,8/6/2004,113686
982109,Mrs.,Yon,O,Steinberg,F,yon.steinberg@gmail.com,12/6/1993,10/9/2016,127104
685980,Mrs.,Pasty,C,Noriega,F,pasty.noriega@gmail.com,10/4/1976,2/9/2008,85002
271794,Mr.,Denny,L,Chauvin,M,denny.chauvin@ntlworld.com,11/26/1962,2/1/1996,86845
477622,Hon.,Jerry,U,Weinberger,M,jerry.weinberger@charter.net,8/3/1993,3/13/2015,44704
914773,Mr.,Quinton,E,Echeverria,M,quinton.echeverria@aol.com,9/19/1972,12/23/2015,70960
828309,Mr.,Chauncey,V,Tillman,M,chauncey.tillman@hotmail.com,5/7/1976,1/8/2017,122692
246065,Mr.,Gus,N,Montelongo,M,gus.montelongo@yahoo.com,10/13/1958,8/9/1996,86003
462143,Mr.,Carlo,V,Eisenberg,M,carlo.eisenberg@shell.com,9/15/1991,11/25/2013,70551
572538,Drs.,Criselda,R,Freeman,F,criselda.freeman@hotmail.com,11/2/1960,2/4/2014,123460
576585,Ms.,Leonora,V,Murray,F,leonora.murray@aol.com,12/10/1992,8/17/2014,95077
614302,Ms.,Tameika,G,Rendon,F,tameika.rendon@outlook.com,7/12/1972,2/14/2014,139200
740463,Hon.,Lanita,T,Myatt,F,lanita.myatt@exxonmobil.com,3/18/1986,6/22/2016,199907
255154,Mrs.,Julianne,T,Fulford,F,julianne.fulford@gmail.com,8/12/1995,10/28/2016,188558
198223,Mr.,Ray,J,Fritz,M,ray.fritz@sbcglobal.net,9/1/1972,6/9/2013,180292
629813,Ms.,Kelsie,V,Knudson,F,kelsie.knudson@gmail.com,12/17/1986,12/21/2011,42030
719321,Mrs.,Lindsy,Y,Legere,F,lindsy.legere@yahoo.com,5/4/1978,5/19/2009,55984
464630,Mr.,Kasey,V,Motley,M,kasey.motley@comcast.net,3/31/1971,9/18/2006,46614
242757,Hon.,Erin,J,Zito,F,erin.zito@yahoo.co.uk,9/30/1976,12/12/2010,127254
477331,Dr.,Dion,L,Vargas,M,dion.vargas@exxonmobil.com,6/12/1968,8/2/1995,77748
566741,Prof.,Conrad,L,Nurse,M,conrad.nurse@yahoo.com,3/31/1977,7/7/1998,199028
308006,Dr.,Cedric,I,Flood,M,cedric.flood@shell.com,2/13/1970,1/8/1993,186899
111282,Mr.,Claude,U,Boykins,M,claude.boykins@hotmail.com,2/20/1967,2/23/1992,118158
231347,Mr.,Giuseppe,I,Pursley,M,giuseppe.pursley@gmail.com,5/10/1964,12/14/1988,189761
781473,Mrs.,Stevie,N,Lafreniere,F,stevie.lafreniere@aol.com,7/6/1980,2/6/2017,128812
566804,Mr.,Frances,G,Boss,M,frances.boss@gmail.com,6/28/1970,4/9/2015,120084
403680,Hon.,Jarod,G,Rueda,M,jarod.rueda@gmail.com,12/2/1981,10/4/2014,70985
814440,Mr.,Stan,S,Rocco,M,stan.rocco@hotmail.com,8/22/1966,2/26/1994,154131
206888,Ms.,Cathi,G,Prather,F,cathi.prather@hotmail.com,8/23/1993,2/2/2016,167145
766470,Ms.,Callie,O,Coulter,F,callie.coulter@gmail.com,11/16/1982,7/18/2014,90750
154726,Mr.,Lupe,Y,Noland,M,lupe.noland@gmail.com,11/27/1959,7/10/2013,101994
733394,Mr.,Tobias,D,Ladd,M,tobias.ladd@hotmail.co.uk,4/17/1970,5/15/2002,112082
489308,Dr.,Pete,V,Mayer,M,pete.mayer@apple.com,8/2/1971,7/3/2006,180363
912483,Hon.,Denna,K,Arruda,F,denna.arruda@gmail.com,8/13/1991,6/29/2014,109884
514649,Mrs.,Kimiko,R,Strode,F,kimiko.strode@bp.com,12/28/1993,11/16/2016,68225
148634,Mr.,Wilford,C,Collings,M,wilford.collings@gmail.com,11/2/1992,2/6/2017,182489
980784,Ms.,Jacki,Q,Milburn,F,jacki.milburn@hotmail.com,2/21/1994,5/19/2016,101836
782023,Mr.,Willian,H,Cullen,M,willian.cullen@aol.com,5/7/1974,2/29/2016,147378
651905,Drs.,Devora,L,Greenfield,F,devora.greenfield@gmail.com,11/13/1960,6/8/1993,110002
721456,Mr.,Donn,V,Granger,M,donn.granger@gmail.com,11/26/1976,7/28/2007,114386
975206,Ms.,Cammy,T,Bergstrom,F,cammy.bergstrom@gmail.com,8/19/1973,8/28/2008,174466
326751,Prof.,Matt,K,Bragdon,M,matt.bragdon@outlook.com,6/22/1960,3/8/2006,44530
989293,Mr.,Jared,W,Roof,M,jared.roof@hotmail.com,4/8/1969,2/4/2012,113427
350137,Mrs.,Melony,I,Wynn,F,melony.wynn@gmail.com,8/5/1965,9/26/2000,99463
388862,Mr.,Saul,V,Alessi,M,saul.alessi@hotmail.com,3/15/1986,4/19/2012,113181
297806,Mr.,Curtis,L,Sands,M,curtis.sands@bellsouth.net,9/13/1972,9/8/2002,106547
440060,Mrs.,Roxy,H,Ehrlich,F,roxy.ehrlich@gmail.com,9/1/1989,1/30/2017,172885
572706,Mrs.,Tonette,X,Haugh,F,tonette.haugh@earthlink.net,1/29/1966,12/7/2008,184565
663211,Mrs.,Earnestine,A,Apodaca,F,earnestine.apodaca@hotmail.com,7/1/1979,3/8/2012,67447
426362,Dr.,Nolan,M,Ham,M,nolan.ham@gmail.com,7/26/1968,6/13/2011,135039
977351,Ms.,Angeline,S,Forester,F,angeline.forester@yahoo.ca,9/22/1990,5/18/2015,133543
858619,Prof.,Joseph,M,Sands,M,joseph.sands@gmail.com,2/3/1969,6/3/2003,44192
556556,Hon.,Zachariah,G,Scherer,M,zachariah.scherer@yahoo.com,1/11/1987,1/21/2009,183757
493073,Mrs.,Rebecka,F,Chiang,F,rebecka.chiang@yahoo.com,11/14/1976,6/10/2001,100523